taxid	phylo	Ethambutol	Isoniazid	Pyrazinamide	Rifampicin
GCF_001895765.1_ASM189576v1_genomic.fna	37	99	0	0	0
GCF_001895865.1_ASM189586v1_genomic.fna	37	99	99	99	99
GCF_001895785.1_ASM189578v1_genomic.fna	35	0	99	99	99
GCF_001895805.1_ASM189580v1_genomic.fna	35	99	99	99	99
GCF_001895845.1_ASM189584v1_genomic.fna	36	99	99	99	99
GCF_001841575.1_ASM184157v1_genomic.fna	10	0	0	0	0
GCF_001840665.1_ASM184066v1_genomic.fna	10	99	99	99	99
GCF_001848595.1_ASM184859v1_genomic.fna	9	99	99	99	99
GCF_001842195.1_ASM184219v1_genomic.fna	37	99	99	0	0
GCF_001842095.1_ASM184209v1_genomic.fna	16	99	99	0	99
GCF_001842045.1_ASM184204v1_genomic.fna	16	0	99	0	0
GCF_001842775.1_ASM184277v1_genomic.fna	37	0	0	99	99
GCF_001845515.1_ASM184551v1_genomic.fna	37	99	99	99	99
GCF_001841645.1_ASM184164v1_genomic.fna	4	0	0	0	0
GCF_001848805.1_ASM184880v1_genomic.fna	16	0	99	99	99
GCF_001853265.1_ASM185326v1_genomic.fna	16	99	99	0	99
GCF_001851205.1_ASM185120v1_genomic.fna	16	99	99	99	99
GCF_001841285.1_ASM184128v1_genomic.fna	37	99	99	0	99
GCF_001848505.1_ASM184850v1_genomic.fna	16	99	99	99	99
GCF_001841165.1_ASM184116v1_genomic.fna	37	99	99	0	99
GCF_001842485.1_ASM184248v1_genomic.fna	34	0	0	0	0
GCF_001844535.1_ASM184453v1_genomic.fna	34	99	99	0	0
GCF_001844065.1_ASM184406v1_genomic.fna	34	0	0	0	99
GCF_001841105.1_ASM184110v1_genomic.fna	35	99	99	99	99
GCF_001851545.1_ASM185154v1_genomic.fna	35	99	99	99	99
GCF_001852665.1_ASM185266v1_genomic.fna	4	0	0	0	99
GCF_001948155.1_ASM194815v1_genomic.fna	16	0	99	99	99
GCF_001839815.1_ASM183981v1_genomic.fna	34	99	99	0	99
GCF_001850135.1_ASM185013v1_genomic.fna	16	99	99	99	99
GCF_001948135.1_ASM194813v1_genomic.fna	37	99	99	99	99
GCF_001943445.1_ASM194344v1_genomic.fna	4	99	99	0	99
GCF_001942735.1_ASM194273v1_genomic.fna	4	99	0	0	0
GCF_001844765.1_ASM184476v1_genomic.fna	35	0	0	0	0
GCF_001841115.1_ASM184111v1_genomic.fna	35	99	99	0	99
GCF_001840645.1_ASM184064v1_genomic.fna	35	99	99	99	99
GCF_001841275.1_ASM184127v1_genomic.fna	10	99	99	99	99
GCF_001852365.1_ASM185236v1_genomic.fna	4	99	99	0	99
GCF_002130105.1_ASM213010v1_genomic.fna	4	99	99	99	99
GCF_001848785.1_ASM184878v1_genomic.fna	4	99	99	99	99
GCF_001841665.1_ASM184166v1_genomic.fna	16	99	99	0	0
GCF_001842055.1_ASM184205v1_genomic.fna	4	99	99	0	0
GCF_001850365.1_ASM185036v1_genomic.fna	16	99	99	99	99
GCF_001851715.1_ASM185171v1_genomic.fna	16	99	99	99	99
GCF_001841565.1_ASM184156v1_genomic.fna	16	0	99	0	0
GCF_001851185.1_ASM185118v1_genomic.fna	16	99	99	99	99
GCF_001848765.1_ASM184876v1_genomic.fna	16	99	99	99	99
GCF_001852705.1_ASM185270v1_genomic.fna	16	99	99	99	99
GCF_001849175.1_ASM184917v1_genomic.fna	18	99	99	99	99
GCF_001851085.1_ASM185108v1_genomic.fna	35	99	99	99	99
GCF_002129825.1_ASM212982v1_genomic.fna	4	99	99	99	99
GCF_001841715.1_ASM184171v1_genomic.fna	4	0	99	0	0
GCF_001841195.1_ASM184119v1_genomic.fna	36	99	99	99	99
GCF_001889675.1_ASM188967v1_genomic.fna	35	99	99	0	99
GCF_001847665.1_ASM184766v1_genomic.fna	4	99	99	99	99
GCF_001845225.1_ASM184522v1_genomic.fna	18	0	0	0	0
GCF_001848645.1_ASM184864v1_genomic.fna	35	99	99	99	99
GCF_001841245.1_ASM184124v1_genomic.fna	36	99	99	99	99
GCF_001849845.1_ASM184984v1_genomic.fna	18	0	99	0	99
GCF_001841545.1_ASM184154v1_genomic.fna	34	0	0	0	0
GCF_001851365.1_ASM185136v1_genomic.fna	34	99	99	99	99
GCF_001841705.1_ASM184170v1_genomic.fna	35	0	99	99	0
GCF_001842175.1_ASM184217v1_genomic.fna	37	0	0	0	0
GCF_001840745.1_ASM184074v1_genomic.fna	4	99	99	0	0
GCF_001841895.1_ASM184189v1_genomic.fna	37	99	99	99	99
GCF_001947215.1_ASM194721v1_genomic.fna	37	0	99	99	99
GCF_001948805.1_ASM194880v1_genomic.fna	37	0	99	99	99
GCF_001947365.1_ASM194736v1_genomic.fna	37	99	99	99	99
GCF_001843535.1_ASM184353v1_genomic.fna	18	99	99	0	0
GCF_001841845.1_ASM184184v1_genomic.fna	4	0	0	0	99
GCF_001852485.1_ASM185248v1_genomic.fna	9	99	99	99	99
GCF_001848585.1_ASM184858v1_genomic.fna	9	99	99	99	99
GCF_000657835.1_Myco_tube_TKK-01-0036_V1_genomic.fna	38	0	0	0	0
GCF_000658135.1_Myco_tube_XTB13-142_V1_genomic.fna	51	99	99	99	99
GCF_001844875.1_ASM184487v1_genomic.fna	9	0	0	0	0
GCF_001842165.1_ASM184216v1_genomic.fna	4	99	0	0	0
GCF_001845405.1_ASM184540v1_genomic.fna	34	99	0	0	0
GCF_001947025.1_ASM194702v1_genomic.fna	4	99	99	0	0
GCF_001943285.1_ASM194328v1_genomic.fna	4	99	99	99	99
GCF_001947045.1_ASM194704v1_genomic.fna	37	0	99	99	99
GCF_001844085.1_ASM184408v1_genomic.fna	18	0	0	0	0
GCF_001946745.1_ASM194674v1_genomic.fna	36	99	99	99	99
GCF_001943595.1_ASM194359v1_genomic.fna	9	0	99	99	99
GCF_001852445.1_ASM185244v1_genomic.fna	16	99	99	99	99
GCF_001852495.1_ASM185249v1_genomic.fna	4	99	99	99	99
GCF_001850325.1_ASM185032v1_genomic.fna	4	99	99	99	99
GCF_001841175.1_ASM184117v1_genomic.fna	50	99	99	0	99
GCF_001946955.1_ASM194695v1_genomic.fna	37	0	99	99	99
GCF_001944285.1_ASM194428v1_genomic.fna	34	99	99	99	99
GCF_001848545.1_ASM184854v1_genomic.fna	35	99	99	99	99
GCF_001852325.1_ASM185232v1_genomic.fna	36	99	99	99	99
GCF_001851325.1_ASM185132v1_genomic.fna	36	99	99	99	99
GCF_001840725.1_ASM184072v1_genomic.fna	11	99	99	99	99
GCF_001942645.1_ASM194264v1_genomic.fna	36	99	0	99	99
GCF_001947515.1_ASM194751v1_genomic.fna	4	99	99	99	99
GCF_001844775.1_ASM184477v1_genomic.fna	51	0	0	99	0
GCF_001889665.1_ASM188966v1_genomic.fna	11	99	99	99	99
GCF_001946725.1_ASM194672v1_genomic.fna	35	99	99	99	99
GCF_001840575.1_ASM184057v1_genomic.fna	37	99	99	99	99
GCF_001841805.1_ASM184180v1_genomic.fna	4	99	99	0	0
GCF_001849165.1_ASM184916v1_genomic.fna	35	99	99	99	99
GCF_001848515.1_ASM184851v1_genomic.fna	16	99	99	0	99
GCF_001945945.1_ASM194594v1_genomic.fna	37	99	99	99	99
GCF_001946165.1_ASM194616v1_genomic.fna	37	0	99	99	0
GCF_001949085.1_ASM194908v1_genomic.fna	4	99	99	0	99
GCF_001850465.1_ASM185046v1_genomic.fna	16	99	99	0	99
GCF_001848625.1_ASM184862v1_genomic.fna	35	99	99	99	99
GCF_001841685.1_ASM184168v1_genomic.fna	35	99	99	99	99
GCF_001844245.1_ASM184424v1_genomic.fna	4	0	99	0	0
GCF_002129865.1_ASM212986v1_genomic.fna	16	99	99	0	99
GCF_001852575.1_ASM185257v1_genomic.fna	4	99	99	99	99
GCF_001944855.1_ASM194485v1_genomic.fna	4	0	99	0	99
GCF_001942865.1_ASM194286v1_genomic.fna	18	99	0	0	0
GCF_001942875.1_ASM194287v1_genomic.fna	4	99	99	99	99
GCF_001851035.1_ASM185103v1_genomic.fna	10	99	99	99	99
GCF_001943895.1_ASM194389v1_genomic.fna	35	99	99	99	99
GCF_002129885.1_ASM212988v1_genomic.fna	10	99	99	99	99
GCF_001850495.1_ASM185049v1_genomic.fna	37	99	99	0	99
GCF_001851575.1_ASM185157v1_genomic.fna	18	99	99	99	99
GCF_001944125.1_ASM194412v1_genomic.fna	34	99	99	99	99
GCF_001942885.1_ASM194288v1_genomic.fna	35	99	99	99	99
GCF_001840925.1_ASM184092v1_genomic.fna	35	99	99	99	99
GCF_001850085.1_ASM185008v1_genomic.fna	50	99	99	0	99
GCF_001852725.1_ASM185272v1_genomic.fna	35	99	99	99	99
GCF_001943575.1_ASM194357v1_genomic.fna	37	0	99	0	99
GCF_001942805.1_ASM194280v1_genomic.fna	16	99	99	0	99
GCF_001850375.1_ASM185037v1_genomic.fna	16	99	99	99	99
GCF_001844345.1_ASM184434v1_genomic.fna	38	0	0	0	0
GCF_001842565.1_ASM184256v1_genomic.fna	16	0	0	0	0
GCF_001841445.1_ASM184144v1_genomic.fna	18	99	99	0	99
GCF_002129025.1_ASM212902v1_genomic.fna	35	99	99	99	99
GCF_001843005.1_ASM184300v1_genomic.fna	10	99	99	99	99
GCF_001850445.1_ASM185044v1_genomic.fna	18	99	99	99	99
GCF_001841815.1_ASM184181v1_genomic.fna	36	99	99	99	99
GCF_001842345.1_ASM184234v1_genomic.fna	35	99	99	0	0
GCF_001841395.1_ASM184139v1_genomic.fna	34	99	99	99	99
GCF_001851345.1_ASM185134v1_genomic.fna	35	99	99	0	99
GCF_001840775.1_ASM184077v1_genomic.fna	35	99	99	0	99
GCF_001947705.1_ASM194770v1_genomic.fna	36	99	99	99	99
GCF_001841885.1_ASM184188v1_genomic.fna	4	0	0	0	0
GCF_001851115.1_ASM185111v1_genomic.fna	4	99	99	0	99
GCF_001841205.1_ASM184120v1_genomic.fna	50	99	99	99	99
GCF_001840705.1_ASM184070v1_genomic.fna	18	99	99	99	99
GCF_001844625.1_ASM184462v1_genomic.fna	37	0	0	0	0
GCF_001841475.1_ASM184147v1_genomic.fna	50	0	0	0	0
GCF_002129905.1_ASM212990v1_genomic.fna	4	99	99	99	99
GCF_001842265.1_ASM184226v1_genomic.fna	50	0	0	0	0
GCF_001843705.1_ASM184370v1_genomic.fna	34	0	0	0	0
GCF_001851265.1_ASM185126v1_genomic.fna	16	0	0	0	99
GCF_001945715.1_ASM194571v1_genomic.fna	16	99	99	99	99
GCF_001943385.1_ASM194338v1_genomic.fna	16	99	99	99	99
GCF_001842015.1_ASM184201v1_genomic.fna	36	99	99	0	99
GCF_001839895.1_ASM183989v1_genomic.fna	4	99	0	0	99
GCF_001841605.1_ASM184160v1_genomic.fna	38	99	0	0	0
GCF_001947815.1_ASM194781v1_genomic.fna	34	99	99	99	99
GCF_001851195.1_ASM185119v1_genomic.fna	37	99	99	99	99
GCF_001948525.1_ASM194852v1_genomic.fna	34	0	99	0	99
GCF_001948285.1_ASM194828v1_genomic.fna	36	99	99	99	99
GCF_001853245.1_ASM185324v1_genomic.fna	50	99	99	99	99
GCF_001840985.1_ASM184098v1_genomic.fna	34	99	99	99	99
GCF_001850965.1_ASM185096v1_genomic.fna	10	99	99	99	99
GCF_001944715.1_ASM194471v1_genomic.fna	37	99	99	0	99
GCF_001840225.1_ASM184022v1_genomic.fna	34	99	0	0	0
GCF_002128945.1_ASM212894v1_genomic.fna	4	99	99	99	99
GCF_001946795.1_ASM194679v1_genomic.fna	16	99	99	0	0
GCF_001851875.1_ASM185187v1_genomic.fna	10	99	99	99	99
GCF_001851765.1_ASM185176v1_genomic.fna	9	99	99	99	99
GCF_001943275.1_ASM194327v1_genomic.fna	16	99	99	99	99
GCF_001843435.1_ASM184343v1_genomic.fna	16	0	99	0	0
GCF_001851105.1_ASM185110v1_genomic.fna	16	99	99	0	99
GCF_001848815.1_ASM184881v1_genomic.fna	35	99	99	99	99
GCF_001945935.1_ASM194593v1_genomic.fna	18	99	99	0	99
GCF_001841065.1_ASM184106v1_genomic.fna	19	99	99	0	99
GCF_001840675.1_ASM184067v1_genomic.fna	9	0	0	0	0
GCF_001840595.1_ASM184059v1_genomic.fna	9	99	99	99	99
GCF_001948645.1_ASM194864v1_genomic.fna	37	0	99	99	99
GCF_001947125.1_ASM194712v1_genomic.fna	37	0	99	99	99
GCF_001947825.1_ASM194782v1_genomic.fna	37	0	0	0	0
GCF_001942785.1_ASM194278v1_genomic.fna	37	99	99	99	0
GCF_001841905.1_ASM184190v1_genomic.fna	37	0	0	0	0
GCF_001840155.1_ASM184015v1_genomic.fna	18	99	0	0	0
GCF_001848745.1_ASM184874v1_genomic.fna	50	99	99	0	99
GCF_001840945.1_ASM184094v1_genomic.fna	16	99	99	99	99
GCF_001851785.1_ASM185178v1_genomic.fna	37	99	99	0	99
GCF_001841725.1_ASM184172v1_genomic.fna	4	99	99	99	99
GCF_001848925.1_ASM184892v1_genomic.fna	4	99	99	99	99
GCF_001850525.1_ASM185052v1_genomic.fna	10	99	99	99	99
GCF_001840905.1_ASM184090v1_genomic.fna	34	99	99	99	99
GCF_001949025.1_ASM194902v1_genomic.fna	37	99	99	99	99
GCF_002130215.1_ASM213021v1_genomic.fna	18	99	99	0	99
GCF_002129205.1_ASM212920v1_genomic.fna	35	99	99	0	99
GCF_001841455.1_ASM184145v1_genomic.fna	16	99	99	99	99
GCF_001841785.1_ASM184178v1_genomic.fna	34	0	0	0	0
GCF_001944365.1_ASM194436v1_genomic.fna	37	0	99	99	99
GCF_001843605.1_ASM184360v1_genomic.fna	34	0	0	0	0
GCF_001842355.1_ASM184235v1_genomic.fna	6	99	99	0	99
GCF_001844045.1_ASM184404v1_genomic.fna	37	0	0	0	0
GCF_001845075.1_ASM184507v1_genomic.fna	9	0	0	0	0
GCF_001943835.1_ASM194383v1_genomic.fna	35	99	99	99	99
GCF_001842245.1_ASM184224v1_genomic.fna	4	0	99	99	0
GCF_001852755.1_ASM185275v1_genomic.fna	35	99	99	99	99
GCF_001849145.1_ASM184914v1_genomic.fna	18	99	99	0	99
GCF_001848845.1_ASM184884v1_genomic.fna	37	99	99	0	99
GCF_001841975.1_ASM184197v1_genomic.fna	35	0	0	0	0
GCF_001943885.1_ASM194388v1_genomic.fna	4	99	99	0	0
GCF_001943725.1_ASM194372v1_genomic.fna	37	99	99	99	99
GCF_001944235.1_ASM194423v1_genomic.fna	37	99	0	0	0
GCF_001841505.1_ASM184150v1_genomic.fna	37	0	99	99	0
GCF_001840885.1_ASM184088v1_genomic.fna	38	99	99	0	99
GCF_001850045.1_ASM185004v1_genomic.fna	35	0	99	99	99
GCF_001850645.1_ASM185064v1_genomic.fna	19	99	99	99	99
GCF_001944895.1_ASM194489v1_genomic.fna	36	99	99	99	99
GCF_001848935.1_ASM184893v1_genomic.fna	51	99	99	0	99
GCF_001843935.1_ASM184393v1_genomic.fna	34	0	0	0	0
GCF_001849745.1_ASM184974v1_genomic.fna	37	99	99	0	99
GCF_001944215.1_ASM194421v1_genomic.fna	35	99	99	99	99
GCF_001842295.1_ASM184229v1_genomic.fna	50	0	0	0	0
GCF_001946965.1_ASM194696v1_genomic.fna	37	99	99	99	99
GCF_001850265.1_ASM185026v1_genomic.fna	35	99	99	99	99
GCF_001852685.1_ASM185268v1_genomic.fna	37	99	99	0	99
GCF_001845065.1_ASM184506v1_genomic.fna	37	99	99	0	0
GCF_001844845.1_ASM184484v1_genomic.fna	9	0	0	0	0
GCF_001844145.1_ASM184414v1_genomic.fna	37	99	99	0	0
GCF_001948215.1_ASM194821v1_genomic.fna	18	99	99	0	99
GCF_001947185.1_ASM194718v1_genomic.fna	37	99	99	99	99
GCF_001850395.1_ASM185039v1_genomic.fna	37	99	99	99	99
GCF_001849935.1_ASM184993v1_genomic.fna	35	99	99	99	99
GCF_001850105.1_ASM185010v1_genomic.fna	36	99	99	99	99
GCF_001945325.1_ASM194532v1_genomic.fna	36	0	99	0	99
GCF_001840835.1_ASM184083v1_genomic.fna	35	99	99	0	99
GCF_001853285.1_ASM185328v1_genomic.fna	36	99	99	0	99
GCF_001945865.1_ASM194586v1_genomic.fna	37	99	99	0	99
GCF_001943435.1_ASM194343v1_genomic.fna	37	99	99	99	99
GCF_001945165.1_ASM194516v1_genomic.fna	37	99	99	99	99
GCF_001844385.1_ASM184438v1_genomic.fna	4	0	99	0	99
GCF_001844435.1_ASM184443v1_genomic.fna	7	0	0	0	0
GCF_001841355.1_ASM184135v1_genomic.fna	16	99	99	99	99
GCF_001851435.1_ASM185143v1_genomic.fna	4	99	99	0	99
GCF_001850405.1_ASM185040v1_genomic.fna	37	0	99	99	99
GCF_001844265.1_ASM184426v1_genomic.fna	34	99	99	99	99
GCF_001844545.1_ASM184454v1_genomic.fna	36	0	99	99	99
GCF_001841145.1_ASM184114v1_genomic.fna	4	99	99	99	99
GCF_001850925.1_ASM185092v1_genomic.fna	18	99	99	0	99
GCF_001848695.1_ASM184869v1_genomic.fna	37	99	99	99	99
GCF_001840845.1_ASM184084v1_genomic.fna	37	99	99	99	99
GCF_001853295.1_ASM185329v1_genomic.fna	16	99	99	0	0
GCF_001843965.1_ASM184396v1_genomic.fna	10	0	99	0	0
GCF_001851475.1_ASM185147v1_genomic.fna	37	99	99	99	99
GCF_001840625.1_ASM184062v1_genomic.fna	37	99	99	99	99
GCF_001843355.1_ASM184335v1_genomic.fna	34	0	0	0	0
GCF_001845415.1_ASM184541v1_genomic.fna	10	99	99	0	0
GCF_001840505.1_ASM184050v1_genomic.fna	18	0	99	0	0
GCF_001844215.1_ASM184421v1_genomic.fna	37	99	99	99	99
GCF_001846355.1_ASM184635v1_genomic.fna	4	99	99	99	99
GCF_001945245.1_ASM194524v1_genomic.fna	37	99	99	99	99
GCF_001944815.1_ASM194481v1_genomic.fna	4	99	99	0	99
GCF_001947355.1_ASM194735v1_genomic.fna	4	0	99	0	99
GCF_001948855.1_ASM194885v1_genomic.fna	34	99	99	99	99
GCF_001845185.1_ASM184518v1_genomic.fna	37	99	99	0	0
GCF_002128865.1_ASM212886v1_genomic.fna	50	99	99	99	99
GCF_001848885.1_ASM184888v1_genomic.fna	16	99	99	99	99
GCF_001840935.1_ASM184093v1_genomic.fna	50	99	99	99	99
GCF_001947385.1_ASM194738v1_genomic.fna	37	0	99	99	99
GCF_001852455.1_ASM185245v1_genomic.fna	45	99	99	99	99
GCF_001848685.1_ASM184868v1_genomic.fna	4	99	99	99	99
GCF_001844325.1_ASM184432v1_genomic.fna	34	0	0	0	0
GCF_001849865.1_ASM184986v1_genomic.fna	4	99	99	99	99
GCF_001945705.1_ASM194570v1_genomic.fna	8	99	99	99	99
GCF_001945235.1_ASM194523v1_genomic.fna	4	99	99	0	99
GCF_001844825.1_ASM184482v1_genomic.fna	18	0	99	99	99
GCF_001944155.1_ASM194415v1_genomic.fna	34	0	99	0	99
GCF_001849665.1_ASM184966v1_genomic.fna	36	0	99	0	99
GCF_001851295.1_ASM185129v1_genomic.fna	50	99	99	99	99
GCF_001945155.1_ASM194515v1_genomic.fna	37	99	99	99	99
GCF_001944795.1_ASM194479v1_genomic.fna	37	0	99	0	99
GCF_001844605.1_ASM184460v1_genomic.fna	2	99	99	0	0
GCF_001851515.1_ASM185151v1_genomic.fna	9	99	99	0	99
GCF_001843925.1_ASM184392v1_genomic.fna	16	0	0	0	0
GCF_001944695.1_ASM194469v1_genomic.fna	16	99	99	99	99
GCF_001844905.1_ASM184490v1_genomic.fna	44	0	0	99	0
GCF_001844945.1_ASM184494v1_genomic.fna	47	0	0	0	0
GCF_001855985.1_ASM185598v1_genomic.fna	4	0	99	0	99
GCF_001852425.1_ASM185242v1_genomic.fna	38	99	99	99	99
GCF_001844735.1_ASM184473v1_genomic.fna	4	0	0	0	0
GCF_001943265.1_ASM194326v1_genomic.fna	37	99	99	99	0
GCF_001850905.1_ASM185090v1_genomic.fna	37	99	0	99	99
GCF_001844015.1_ASM184401v1_genomic.fna	38	0	0	0	0
GCF_001843105.1_ASM184310v1_genomic.fna	35	99	99	99	99
GCF_001944465.1_ASM194446v1_genomic.fna	37	99	99	0	99
GCF_001850055.1_ASM185005v1_genomic.fna	9	0	99	0	99
GCF_001843895.1_ASM184389v1_genomic.fna	16	0	99	0	0
GCF_001943485.1_ASM194348v1_genomic.fna	37	99	99	0	99
GCF_001943195.1_ASM194319v1_genomic.fna	35	99	99	0	99
GCF_001840165.1_ASM184016v1_genomic.fna	16	99	0	0	0
GCF_001848855.1_ASM184885v1_genomic.fna	59	99	99	0	99
GCF_001843645.1_ASM184364v1_genomic.fna	16	99	99	0	99
GCF_001851825.1_ASM185182v1_genomic.fna	50	99	99	99	99
GCF_001944865.1_ASM194486v1_genomic.fna	4	99	0	0	0
GCF_001845545.1_ASM184554v1_genomic.fna	37	99	0	0	99
GCF_001849645.1_ASM184964v1_genomic.fna	4	99	99	99	99
GCF_002130035.1_ASM213003v1_genomic.fna	18	99	99	99	99
GCF_001849825.1_ASM184982v1_genomic.fna	36	99	99	99	99
GCF_001944405.1_ASM194440v1_genomic.fna	4	99	0	0	0
GCF_001851425.1_ASM185142v1_genomic.fna	34	0	99	0	99
GCF_001851665.1_ASM185166v1_genomic.fna	36	99	99	99	99
GCF_001943645.1_ASM194364v1_genomic.fna	35	99	99	0	99
GCF_001840145.1_ASM184014v1_genomic.fna	38	0	0	0	99
GCF_001948535.1_ASM194853v1_genomic.fna	16	99	99	99	99
GCF_002130265.1_ASM213026v1_genomic.fna	21	99	99	0	99
GCF_001841075.1_ASM184107v1_genomic.fna	8	99	99	99	99
GCF_001844355.1_ASM184435v1_genomic.fna	4	0	99	0	0
GCF_001850605.1_ASM185060v1_genomic.fna	4	99	99	0	99
GCF_001840055.1_ASM184005v1_genomic.fna	4	0	99	0	0
GCF_001844275.1_ASM184427v1_genomic.fna	4	0	0	0	0
GCF_001944935.1_ASM194493v1_genomic.fna	37	99	99	99	99
GCF_001843045.1_ASM184304v1_genomic.fna	4	99	99	0	99
GCF_001841615.1_ASM184161v1_genomic.fna	37	0	0	0	0
GCF_001852405.1_ASM185240v1_genomic.fna	36	99	99	99	99
GCF_001945795.1_ASM194579v1_genomic.fna	37	99	99	0	99
GCF_001840365.1_ASM184036v1_genomic.fna	18	0	0	0	0
GCF_001944945.1_ASM194494v1_genomic.fna	37	99	99	99	99
GCF_001946265.1_ASM194626v1_genomic.fna	37	0	99	0	99
GCF_001841525.1_ASM184152v1_genomic.fna	34	0	0	0	0
GCF_001841265.1_ASM184126v1_genomic.fna	16	99	99	99	99
GCF_001850225.1_ASM185022v1_genomic.fna	37	99	99	99	99
GCF_001839945.1_ASM183994v1_genomic.fna	4	0	99	0	0
GCF_001851025.1_ASM185102v1_genomic.fna	4	99	99	99	99
GCF_001842085.1_ASM184208v1_genomic.fna	51	0	0	0	0
GCF_001849285.1_ASM184928v1_genomic.fna	36	99	99	0	99
GCF_001843255.1_ASM184325v1_genomic.fna	35	0	0	0	0
GCF_001849805.1_ASM184980v1_genomic.fna	4	99	99	0	99
GCF_001839725.1_ASM183972v1_genomic.fna	34	0	0	0	0
GCF_001839865.1_ASM183986v1_genomic.fna	4	0	99	0	0
GCF_001840755.1_ASM184075v1_genomic.fna	4	99	99	0	99
GCF_001944525.1_ASM194452v1_genomic.fna	18	99	99	0	99
GCF_001944845.1_ASM194484v1_genomic.fna	36	99	99	99	99
GCF_001943495.1_ASM194349v1_genomic.fna	37	99	99	0	99
GCF_001845005.1_ASM184500v1_genomic.fna	4	0	99	0	0
GCF_001943515.1_ASM194351v1_genomic.fna	36	99	99	99	99
GCF_001851465.1_ASM185146v1_genomic.fna	18	99	99	99	99
GCF_001844985.1_ASM184498v1_genomic.fna	37	99	99	99	0
GCF_001947595.1_ASM194759v1_genomic.fna	16	0	0	0	0
GCF_001850535.1_ASM185053v1_genomic.fna	35	99	99	99	99
GCF_001851625.1_ASM185162v1_genomic.fna	37	99	99	99	99
GCF_001849015.1_ASM184901v1_genomic.fna	37	99	99	99	99
GCF_001855945.1_ASM185594v1_genomic.fna	18	0	99	99	99
GCF_001948865.1_ASM194886v1_genomic.fna	37	99	99	99	99
GCF_001944685.1_ASM194468v1_genomic.fna	4	99	99	0	99
GCF_001946345.1_ASM194634v1_genomic.fna	37	99	99	99	99
GCF_001948705.1_ASM194870v1_genomic.fna	16	0	99	99	99
GCF_001944635.1_ASM194463v1_genomic.fna	36	99	99	0	99
GCF_001942795.1_ASM194279v1_genomic.fna	37	99	99	0	99
GCF_001851275.1_ASM185127v1_genomic.fna	51	99	99	0	99
GCF_001842675.1_ASM184267v1_genomic.fna	37	0	0	0	0
GCF_001945045.1_ASM194504v1_genomic.fna	37	99	99	99	99
GCF_001844855.1_ASM184485v1_genomic.fna	4	99	0	0	0
GCF_001841045.1_ASM184104v1_genomic.fna	18	99	99	99	99
GCF_001947895.1_ASM194789v1_genomic.fna	37	99	99	99	99
GCF_001849725.1_ASM184972v1_genomic.fna	35	0	99	99	99
GCF_001946495.1_ASM194649v1_genomic.fna	36	99	99	99	99
GCF_001842785.1_ASM184278v1_genomic.fna	37	99	99	0	99
GCF_001849095.1_ASM184909v1_genomic.fna	37	99	99	99	99
GCF_001850695.1_ASM185069v1_genomic.fna	4	99	99	99	99
GCF_001845865.1_ASM184586v1_genomic.fna	18	0	99	99	0
GCF_001945005.1_ASM194500v1_genomic.fna	35	99	99	0	99
GCF_001851725.1_ASM185172v1_genomic.fna	50	99	99	99	99
GCF_001843725.1_ASM184372v1_genomic.fna	37	0	99	0	0
GCF_001851125.1_ASM185112v1_genomic.fna	50	99	99	99	99
GCF_001850475.1_ASM185047v1_genomic.fna	9	99	99	99	0
GCF_001944295.1_ASM194429v1_genomic.fna	37	99	99	99	99
GCF_001943655.1_ASM194365v1_genomic.fna	16	99	99	99	99
GCF_001845175.1_ASM184517v1_genomic.fna	4	99	99	0	99
GCF_001943355.1_ASM194335v1_genomic.fna	50	99	99	0	99
GCF_001848145.1_ASM184814v1_genomic.fna	16	99	99	0	99
GCF_001852605.1_ASM185260v1_genomic.fna	9	99	99	0	99
GCF_001855915.1_ASM185591v1_genomic.fna	36	99	99	99	99
GCF_001841945.1_ASM184194v1_genomic.fna	37	99	0	0	99
GCF_001943915.1_ASM194391v1_genomic.fna	37	99	99	99	0
GCF_001945315.1_ASM194531v1_genomic.fna	4	99	99	99	99
GCF_001944625.1_ASM194462v1_genomic.fna	4	99	99	0	99
GCF_002128795.1_ASM212879v1_genomic.fna	51	99	99	99	99
GCF_001844805.1_ASM184480v1_genomic.fna	4	99	0	99	0
GCF_001945025.1_ASM194502v1_genomic.fna	37	99	99	99	99
GCF_001840125.1_ASM184012v1_genomic.fna	37	0	99	0	0
GCF_001944955.1_ASM194495v1_genomic.fna	37	99	99	99	99
GCF_001842105.1_ASM184210v1_genomic.fna	37	99	0	0	0
GCF_001839905.1_ASM183990v1_genomic.fna	4	99	0	0	0
GCF_001851005.1_ASM185100v1_genomic.fna	35	99	99	0	99
GCF_001944705.1_ASM194470v1_genomic.fna	36	99	99	0	99
GCF_001852735.1_ASM185273v1_genomic.fna	18	99	99	99	99
GCF_001944605.1_ASM194460v1_genomic.fna	4	99	99	99	99
GCF_001849215.1_ASM184921v1_genomic.fna	19	0	99	99	99
GCF_001849045.1_ASM184904v1_genomic.fna	37	99	99	0	99
GCF_002129095.1_ASM212909v1_genomic.fna	37	99	99	0	0
GCF_001840305.1_ASM184030v1_genomic.fna	37	0	99	0	0
GCF_001946835.1_ASM194683v1_genomic.fna	37	99	99	99	99
GCF_001848345.1_ASM184834v1_genomic.fna	18	99	99	0	99
GCF_001944325.1_ASM194432v1_genomic.fna	35	99	99	0	99
GCF_001849345.1_ASM184934v1_genomic.fna	36	99	99	0	99
GCF_001849325.1_ASM184932v1_genomic.fna	37	99	99	99	99
GCF_001849525.1_ASM184952v1_genomic.fna	16	99	99	99	99
GCF_001840475.1_ASM184047v1_genomic.fna	34	0	0	0	0
GCF_001843505.1_ASM184350v1_genomic.fna	50	0	99	0	0
GCF_001757405.1_ASM175740v1_genomic.fna	67	99	99	99	99
GCF_001843405.1_ASM184340v1_genomic.fna	18	99	99	0	99
GCF_001843885.1_ASM184388v1_genomic.fna	34	99	99	99	99
GCF_001840465.1_ASM184046v1_genomic.fna	37	0	99	99	0
GCF_001947915.1_ASM194791v1_genomic.fna	4	0	0	0	0
GCF_001849385.1_ASM184938v1_genomic.fna	9	99	99	99	99
GCF_001849435.1_ASM184943v1_genomic.fna	4	99	99	99	99
GCF_001944135.1_ASM194413v1_genomic.fna	37	99	99	99	99
GCF_001943375.1_ASM194337v1_genomic.fna	37	99	99	99	99
GCF_001844425.1_ASM184442v1_genomic.fna	9	99	0	0	99
GCF_001945085.1_ASM194508v1_genomic.fna	36	99	99	99	99
GCF_001946415.1_ASM194641v1_genomic.fna	36	99	99	99	99
GCF_001851385.1_ASM185138v1_genomic.fna	19	99	99	99	99
GCF_001843685.1_ASM184368v1_genomic.fna	18	0	0	0	0
GCF_001850125.1_ASM185012v1_genomic.fna	37	99	99	99	0
GCF_001851555.1_ASM185155v1_genomic.fna	38	99	99	99	99
GCF_001844695.1_ASM184469v1_genomic.fna	16	99	99	0	0
GCF_001843805.1_ASM184380v1_genomic.fna	34	0	99	0	0
GCF_001850185.1_ASM185018v1_genomic.fna	50	99	99	0	99
GCF_001946325.1_ASM194632v1_genomic.fna	37	99	99	0	99
GCF_001944205.1_ASM194420v1_genomic.fna	37	99	99	99	99
GCF_001944765.1_ASM194476v1_genomic.fna	35	0	99	0	99
GCF_001847545.1_ASM184754v1_genomic.fna	36	99	99	99	99
GCF_001943565.1_ASM194356v1_genomic.fna	34	99	99	99	99
GCF_001851135.1_ASM185113v1_genomic.fna	4	99	99	0	99
GCF_002130155.1_ASM213015v1_genomic.fna	4	0	99	99	0
GCF_001842255.1_ASM184225v1_genomic.fna	51	0	0	0	0
GCF_001844395.1_ASM184439v1_genomic.fna	4	99	0	0	0
GCF_001844725.1_ASM184472v1_genomic.fna	1	0	0	0	0
GCF_001944535.1_ASM194453v1_genomic.fna	50	99	99	0	0
GCF_001942945.1_ASM194294v1_genomic.fna	36	99	99	0	99
GCF_001839965.1_ASM183996v1_genomic.fna	4	0	0	0	0
GCF_002129005.1_ASM212900v1_genomic.fna	37	99	99	99	99
GCF_001947505.1_ASM194750v1_genomic.fna	37	0	99	99	99
GCF_001845495.1_ASM184549v1_genomic.fna	11	0	0	0	0
GCF_001942965.1_ASM194296v1_genomic.fna	35	99	99	99	99
GCF_001945765.1_ASM194576v1_genomic.fna	37	99	99	0	99
GCF_001850275.1_ASM185027v1_genomic.fna	45	0	99	0	99
GCF_001850195.1_ASM185019v1_genomic.fna	38	99	99	0	99
GCF_001849535.1_ASM184953v1_genomic.fna	4	99	99	99	99
GCF_001847615.1_ASM184761v1_genomic.fna	4	99	99	0	99
GCF_002130245.1_ASM213024v1_genomic.fna	35	99	99	0	99
GCF_001844105.1_ASM184410v1_genomic.fna	4	0	0	0	0
GCF_001843465.1_ASM184346v1_genomic.fna	36	99	99	0	99
GCF_001946945.1_ASM194694v1_genomic.fna	37	99	99	99	99
GCF_001842525.1_ASM184252v1_genomic.fna	51	0	0	0	0
GCF_001948885.1_ASM194888v1_genomic.fna	10	0	99	0	99
GCF_001841005.1_ASM184100v1_genomic.fna	37	99	99	99	99
GCF_001948385.1_ASM194838v1_genomic.fna	37	99	99	99	99
GCF_001943185.1_ASM194318v1_genomic.fna	37	99	99	99	99
GCF_001947995.1_ASM194799v1_genomic.fna	37	99	99	99	99
GCF_001942975.1_ASM194297v1_genomic.fna	37	0	99	99	99
GCF_001948305.1_ASM194830v1_genomic.fna	37	0	99	99	99
GCF_001839705.1_ASM183970v1_genomic.fna	37	0	0	0	0
GCF_001943815.1_ASM194381v1_genomic.fna	35	99	99	0	99
GCF_001849885.1_ASM184988v1_genomic.fna	35	99	99	0	99
GCF_001847815.1_ASM184781v1_genomic.fna	35	99	99	99	99
GCF_001851635.1_ASM185163v1_genomic.fna	37	99	99	99	99
GCF_002129145.1_ASM212914v1_genomic.fna	35	99	99	99	99
GCF_001850665.1_ASM185066v1_genomic.fna	35	99	99	99	99
GCF_001853025.1_ASM185302v1_genomic.fna	17	99	99	99	99
GCF_001843845.1_ASM184384v1_genomic.fna	37	0	99	99	0
GCF_001844165.1_ASM184416v1_genomic.fna	38	0	0	0	0
GCF_001946435.1_ASM194643v1_genomic.fna	37	0	99	0	99
GCF_001849985.1_ASM184998v1_genomic.fna	38	99	99	0	99
GCF_001947105.1_ASM194710v1_genomic.fna	36	99	99	0	99
GCF_002130375.1_ASM213037v1_genomic.fna	4	99	99	99	99
GCF_001944225.1_ASM194422v1_genomic.fna	37	0	99	99	99
GCF_001849125.1_ASM184912v1_genomic.fna	9	0	0	0	99
GCF_001947605.1_ASM194760v1_genomic.fna	4	99	99	99	99
GCF_001944455.1_ASM194445v1_genomic.fna	34	99	99	0	99
GCF_001847585.1_ASM184758v1_genomic.fna	4	99	99	99	99
GCF_001944615.1_ASM194461v1_genomic.fna	10	99	99	0	0
GCF_001842875.1_ASM184287v1_genomic.fna	37	99	99	0	99
GCF_001946655.1_ASM194665v1_genomic.fna	10	0	99	0	99
GCF_001757445.1_ASM175744v1_genomic.fna	37	99	99	99	99
GCF_001946505.1_ASM194650v1_genomic.fna	35	0	99	0	99
GCF_001844295.1_ASM184429v1_genomic.fna	4	99	0	0	99
GCF_001845835.1_ASM184583v1_genomic.fna	16	0	99	99	99
GCF_001847285.1_ASM184728v1_genomic.fna	35	99	99	0	99
GCF_001947195.1_ASM194719v1_genomic.fna	37	0	99	99	99
GCF_001839845.1_ASM183984v1_genomic.fna	34	0	0	0	0
GCF_001943585.1_ASM194358v1_genomic.fna	37	99	99	0	99
GCF_001947305.1_ASM194730v1_genomic.fna	16	99	99	99	99
GCF_001852225.1_ASM185222v1_genomic.fna	4	99	99	0	99
GCF_001947065.1_ASM194706v1_genomic.fna	35	0	99	99	99
GCF_001949045.1_ASM194904v1_genomic.fna	37	99	99	99	99
GCF_001849995.1_ASM184999v1_genomic.fna	50	99	99	0	99
GCF_001846895.1_ASM184689v1_genomic.fna	35	99	99	0	99
GCF_001845275.1_ASM184527v1_genomic.fna	4	99	0	99	0
GCF_001843655.1_ASM184365v1_genomic.fna	4	0	0	99	0
GCF_001849575.1_ASM184957v1_genomic.fna	37	99	99	99	99
GCF_001944545.1_ASM194454v1_genomic.fna	37	0	99	99	99
GCF_001845265.1_ASM184526v1_genomic.fna	4	0	0	99	0
GCF_001946485.1_ASM194648v1_genomic.fna	4	99	99	0	99
GCF_001845565.1_ASM184556v1_genomic.fna	4	0	99	0	0
GCF_001948365.1_ASM194836v1_genomic.fna	50	99	99	0	99
GCF_001945125.1_ASM194512v1_genomic.fna	50	99	99	0	99
GCF_001943665.1_ASM194366v1_genomic.fna	37	99	99	99	99
GCF_001851705.1_ASM185170v1_genomic.fna	38	99	99	0	99
GCF_001946355.1_ASM194635v1_genomic.fna	37	0	99	99	99
GCF_001947275.1_ASM194727v1_genomic.fna	37	99	99	0	99
GCF_001943735.1_ASM194373v1_genomic.fna	35	99	99	0	99
GCF_001944335.1_ASM194433v1_genomic.fna	4	0	0	0	0
GCF_002130275.1_ASM213027v1_genomic.fna	50	99	99	0	99
GCF_001943505.1_ASM194350v1_genomic.fna	37	99	99	0	99
GCF_001845485.1_ASM184548v1_genomic.fna	4	0	99	0	0
GCF_001942815.1_ASM194281v1_genomic.fna	4	99	0	0	0
GCF_001842765.1_ASM184276v1_genomic.fna	4	0	0	0	0
GCF_001846745.1_ASM184674v1_genomic.fna	16	99	99	0	99
GCF_001948055.1_ASM194805v1_genomic.fna	4	0	99	0	99
GCF_001846275.1_ASM184627v1_genomic.fna	50	99	0	0	0
GCF_001848285.1_ASM184828v1_genomic.fna	35	99	99	99	99
GCF_001947975.1_ASM194797v1_genomic.fna	18	0	99	99	99
GCF_001943755.1_ASM194375v1_genomic.fna	37	0	99	99	99
GCF_001946705.1_ASM194670v1_genomic.fna	37	99	99	99	99
GCF_001846965.1_ASM184696v1_genomic.fna	37	99	99	99	99
GCF_001945855.1_ASM194585v1_genomic.fna	37	99	99	99	99
GCF_001849395.1_ASM184939v1_genomic.fna	4	99	99	0	99
GCF_001946015.1_ASM194601v1_genomic.fna	37	99	99	99	99
GCF_001946035.1_ASM194603v1_genomic.fna	37	0	99	99	99
GCF_001943295.1_ASM194329v1_genomic.fna	4	0	99	0	99
GCF_001850005.1_ASM185000v1_genomic.fna	34	0	0	0	0
GCF_001846545.1_ASM184654v1_genomic.fna	37	99	99	99	99
GCF_001842985.1_ASM184298v1_genomic.fna	35	99	99	99	99
GCF_001842515.1_ASM184251v1_genomic.fna	4	99	99	99	99
GCF_001843295.1_ASM184329v1_genomic.fna	34	99	0	0	0
GCF_001945205.1_ASM194520v1_genomic.fna	37	99	99	0	0
GCF_001844175.1_ASM184417v1_genomic.fna	4	0	0	0	0
GCF_001948965.1_ASM194896v1_genomic.fna	37	99	99	99	99
GCF_001843215.1_ASM184321v1_genomic.fna	35	0	0	0	0
GCF_001942955.1_ASM194295v1_genomic.fna	37	99	99	0	99
GCF_001850705.1_ASM185070v1_genomic.fna	37	99	99	99	99
GCF_001945305.1_ASM194530v1_genomic.fna	37	99	99	99	99
GCF_001945695.1_ASM194569v1_genomic.fna	34	99	99	99	99
GCF_001845375.1_ASM184537v1_genomic.fna	11	99	0	0	0
GCF_001843515.1_ASM184351v1_genomic.fna	4	99	0	0	0
GCF_001943965.1_ASM194396v1_genomic.fna	18	0	99	0	99
GCF_001849265.1_ASM184926v1_genomic.fna	35	99	99	99	99
GCF_001848425.1_ASM184842v1_genomic.fna	34	99	0	0	0
GCF_001943675.1_ASM194367v1_genomic.fna	37	0	99	99	99
GCF_001843325.1_ASM184332v1_genomic.fna	35	99	99	0	0
GCF_001843855.1_ASM184385v1_genomic.fna	34	0	0	0	0
GCF_001849565.1_ASM184956v1_genomic.fna	4	99	99	0	99
GCF_001948565.1_ASM194856v1_genomic.fna	37	99	99	99	99
GCF_001947265.1_ASM194726v1_genomic.fna	37	0	99	99	99
GCF_001946335.1_ASM194633v1_genomic.fna	35	99	99	99	99
GCF_001945925.1_ASM194592v1_genomic.fna	37	99	99	99	99
GCF_001948605.1_ASM194860v1_genomic.fna	37	0	99	99	0
GCF_001843985.1_ASM184398v1_genomic.fna	37	99	99	99	99
GCF_001843615.1_ASM184361v1_genomic.fna	4	0	0	0	0
GCF_001946575.1_ASM194657v1_genomic.fna	37	0	99	99	99
GCF_002130355.1_ASM213035v1_genomic.fna	18	99	99	0	99
GCF_001948725.1_ASM194872v1_genomic.fna	35	0	99	99	99
GCF_001842665.1_ASM184266v1_genomic.fna	34	99	99	99	99
GCF_001853035.1_ASM185303v1_genomic.fna	35	99	99	99	99
GCF_001844685.1_ASM184468v1_genomic.fna	4	0	0	0	0
GCF_001846725.1_ASM184672v1_genomic.fna	16	99	99	0	99
GCF_001843585.1_ASM184358v1_genomic.fna	37	0	99	0	99
GCF_001946885.1_ASM194688v1_genomic.fna	50	99	99	0	99
GCF_002135065.1_ASM213506v1_genomic.fna	37	99	99	99	99
GCF_001840325.1_ASM184032v1_genomic.fna	4	0	99	0	0
GCF_001849465.1_ASM184946v1_genomic.fna	4	99	99	99	99
GCF_001852625.1_ASM185262v1_genomic.fna	51	99	99	99	99
GCF_001843145.1_ASM184314v1_genomic.fna	4	99	99	99	99
GCF_001946405.1_ASM194640v1_genomic.fna	35	99	99	99	99
GCF_001845165.1_ASM184516v1_genomic.fna	4	99	0	0	0
GCF_002130195.1_ASM213019v1_genomic.fna	35	99	99	99	99
GCF_001844525.1_ASM184452v1_genomic.fna	37	99	0	0	0
GCF_001846195.1_ASM184619v1_genomic.fna	4	99	99	99	99
GCF_001850785.1_ASM185078v1_genomic.fna	37	99	99	99	99
GCF_001843425.1_ASM184342v1_genomic.fna	38	0	0	99	0
GCF_001948615.1_ASM194861v1_genomic.fna	37	0	99	0	99
GCF_001848965.1_ASM184896v1_genomic.fna	9	99	99	99	99
GCF_001846795.1_ASM184679v1_genomic.fna	36	99	99	99	99
GCF_001943125.1_ASM194312v1_genomic.fna	36	99	99	99	99
GCF_001843185.1_ASM184318v1_genomic.fna	4	99	99	0	0
GCF_001855815.1_ASM185581v1_genomic.fna	50	99	99	99	99
GCF_001847155.1_ASM184715v1_genomic.fna	9	99	99	0	99
GCF_001848475.1_ASM184847v1_genomic.fna	37	99	99	99	99
GCF_001850685.1_ASM185068v1_genomic.fna	35	99	99	99	99
GCF_001847175.1_ASM184717v1_genomic.fna	51	99	99	0	0
GCF_001842845.1_ASM184284v1_genomic.fna	37	99	99	99	99
GCF_001948125.1_ASM194812v1_genomic.fna	4	0	99	0	99
GCF_001843175.1_ASM184317v1_genomic.fna	4	0	0	0	0
GCF_001947205.1_ASM194720v1_genomic.fna	4	99	99	0	0
GCF_001943985.1_ASM194398v1_genomic.fna	10	99	99	0	99
GCF_001842895.1_ASM184289v1_genomic.fna	50	99	99	99	99
GCF_001849755.1_ASM184975v1_genomic.fna	4	99	99	99	99
GCF_002130315.1_ASM213031v1_genomic.fna	35	99	99	99	99
GCF_001847775.1_ASM184777v1_genomic.fna	4	99	99	99	99
GCF_001845795.1_ASM184579v1_genomic.fna	4	99	99	99	99
GCF_001943105.1_ASM194310v1_genomic.fna	35	99	99	0	99
GCF_001843245.1_ASM184324v1_genomic.fna	9	0	0	0	99
GCF_001846705.1_ASM184670v1_genomic.fna	37	99	99	99	99
GCF_001945875.1_ASM194587v1_genomic.fna	37	99	99	99	99
GCF_001847565.1_ASM184756v1_genomic.fna	4	99	99	99	99
GCF_001943135.1_ASM194313v1_genomic.fna	9	99	99	99	99
GCF_002129065.1_ASM212906v1_genomic.fna	35	99	99	99	99
GCF_001847645.1_ASM184764v1_genomic.fna	37	99	99	99	99
GCF_001840245.1_ASM184024v1_genomic.fna	37	0	0	0	0
GCF_001843275.1_ASM184327v1_genomic.fna	4	0	99	0	0
GCF_001842445.1_ASM184244v1_genomic.fna	4	99	99	99	99
GCF_001944045.1_ASM194404v1_genomic.fna	4	99	99	99	0
GCF_001947675.1_ASM194767v1_genomic.fna	35	99	99	0	99
GCF_001852205.1_ASM185220v1_genomic.fna	36	99	99	99	99
GCF_001948845.1_ASM194884v1_genomic.fna	37	0	99	99	99
GCF_001848905.1_ASM184890v1_genomic.fna	10	99	99	99	99
GCF_001947755.1_ASM194775v1_genomic.fna	4	99	99	99	99
GCF_002129995.1_ASM212999v1_genomic.fna	4	99	99	99	99
GCF_001849915.1_ASM184991v1_genomic.fna	36	99	99	99	99
GCF_001847065.1_ASM184706v1_genomic.fna	16	99	99	99	99
GCF_001840285.1_ASM184028v1_genomic.fna	6	0	0	0	0
GCF_001845875.1_ASM184587v1_genomic.fna	18	0	99	0	99
GCF_001840235.1_ASM184023v1_genomic.fna	4	99	99	0	99
GCF_001847595.1_ASM184759v1_genomic.fna	6	99	99	0	99
GCF_001847245.1_ASM184724v1_genomic.fna	4	99	99	0	99
GCF_001839785.1_ASM183978v1_genomic.fna	34	99	0	0	99
GCF_001849905.1_ASM184990v1_genomic.fna	4	99	0	0	0
GCF_001840395.1_ASM184039v1_genomic.fna	9	0	99	0	0
GCF_001840405.1_ASM184040v1_genomic.fna	18	99	99	0	0
GCF_001853005.1_ASM185300v1_genomic.fna	51	99	99	99	99
GCF_001845745.1_ASM184574v1_genomic.fna	20	99	99	99	99
GCF_001948255.1_ASM194825v1_genomic.fna	35	0	0	0	0
GCF_001848325.1_ASM184832v1_genomic.fna	35	99	99	0	99
GCF_001947985.1_ASM194798v1_genomic.fna	16	99	99	99	99
GCF_001847495.1_ASM184749v1_genomic.fna	36	99	99	99	99
GCF_001948775.1_ASM194877v1_genomic.fna	35	99	99	0	99
GCF_001847905.1_ASM184790v1_genomic.fna	19	99	99	99	99
GCF_001944375.1_ASM194437v1_genomic.fna	34	99	99	99	99
GCF_001946515.1_ASM194651v1_genomic.fna	16	99	99	99	99
GCF_001847725.1_ASM184772v1_genomic.fna	34	99	99	0	99
GCF_001846465.1_ASM184646v1_genomic.fna	37	99	99	99	99
GCF_001844475.1_ASM184447v1_genomic.fna	4	0	99	0	0
GCF_001947115.1_ASM194711v1_genomic.fna	37	99	99	99	99
GCF_001946115.1_ASM194611v1_genomic.fna	4	99	99	99	99
GCF_001843815.1_ASM184381v1_genomic.fna	18	0	0	0	0
GCF_001839735.1_ASM183973v1_genomic.fna	4	0	99	0	0
GCF_001846865.1_ASM184686v1_genomic.fna	19	0	99	99	99
GCF_001852925.1_ASM185292v1_genomic.fna	4	99	99	0	99
GCF_001840315.1_ASM184031v1_genomic.fna	4	99	99	0	99
GCF_001845945.1_ASM184594v1_genomic.fna	51	99	99	99	99
GCF_001843375.1_ASM184337v1_genomic.fna	4	0	0	0	99
GCF_001849495.1_ASM184949v1_genomic.fna	16	99	99	99	99
GCF_001844585.1_ASM184458v1_genomic.fna	16	0	0	0	0
GCF_001848355.1_ASM184835v1_genomic.fna	37	99	99	0	99
GCF_001843745.1_ASM184374v1_genomic.fna	35	0	0	0	0
GCF_001846685.1_ASM184668v1_genomic.fna	10	99	99	0	99
GCF_001852305.1_ASM185230v1_genomic.fna	38	99	99	0	99
GCF_001847485.1_ASM184748v1_genomic.fna	37	0	99	99	99
GCF_001845305.1_ASM184530v1_genomic.fna	4	0	99	99	99
GCF_001844615.1_ASM184461v1_genomic.fna	9	0	99	0	0
GCF_001842455.1_ASM184245v1_genomic.fna	18	99	0	0	0
GCF_002130395.1_ASM213039v1_genomic.fna	4	99	99	99	99
GCF_001846235.1_ASM184623v1_genomic.fna	16	0	99	99	99
GCF_001847755.1_ASM184775v1_genomic.fna	4	99	99	0	99
GCF_001847985.1_ASM184798v1_genomic.fna	18	99	99	99	99
GCF_001947745.1_ASM194774v1_genomic.fna	37	99	99	99	99
GCF_001845625.1_ASM184562v1_genomic.fna	35	99	99	99	99
GCF_001848435.1_ASM184843v1_genomic.fna	4	99	99	99	99
GCF_002128905.1_ASM212890v1_genomic.fna	8	99	99	99	99
GCF_001847915.1_ASM184791v1_genomic.fna	50	99	99	99	99
GCF_001947905.1_ASM194790v1_genomic.fna	35	0	99	0	99
GCF_001846155.1_ASM184615v1_genomic.fna	35	99	99	99	99
GCF_001855785.1_ASM185578v1_genomic.fna	4	0	0	99	0
GCF_001846555.1_ASM184655v1_genomic.fna	35	99	99	0	99
GCF_001852935.1_ASM185293v1_genomic.fna	37	99	99	99	99
GCF_001846395.1_ASM184639v1_genomic.fna	37	0	99	99	99
GCF_001946195.1_ASM194619v1_genomic.fna	50	99	99	0	99
GCF_001846095.1_ASM184609v1_genomic.fna	20	99	99	99	99
GCF_001847025.1_ASM184702v1_genomic.fna	4	99	99	99	99
GCF_001848975.1_ASM184897v1_genomic.fna	37	99	99	0	99
GCF_002130065.1_ASM213006v1_genomic.fna	50	99	99	99	0
GCF_001847315.1_ASM184731v1_genomic.fna	16	99	99	99	99
GCF_001848015.1_ASM184801v1_genomic.fna	16	99	99	99	99
GCF_001948315.1_ASM194831v1_genomic.fna	50	99	99	99	99
GCF_001846185.1_ASM184618v1_genomic.fna	4	0	99	99	99
GCF_001848175.1_ASM184817v1_genomic.fna	38	99	99	99	99
GCF_001847235.1_ASM184723v1_genomic.fna	37	99	99	99	99
GCF_001847225.1_ASM184722v1_genomic.fna	4	99	99	99	99
GCF_001850775.1_ASM185077v1_genomic.fna	9	99	99	0	99
GCF_001846495.1_ASM184649v1_genomic.fna	3	99	99	99	99
GCF_001948205.1_ASM194820v1_genomic.fna	10	99	99	0	99
GCF_001842375.1_ASM184237v1_genomic.fna	34	99	0	0	0
GCF_001948455.1_ASM194845v1_genomic.fna	11	99	99	0	99
GCF_001842745.1_ASM184274v1_genomic.fna	51	99	99	99	99
GCF_001843785.1_ASM184378v1_genomic.fna	18	0	0	0	0
GCF_001948625.1_ASM194862v1_genomic.fna	38	99	0	0	0
GCF_001840005.1_ASM184000v1_genomic.fna	4	99	99	0	0
GCF_001842605.1_ASM184260v1_genomic.fna	50	99	99	99	99
GCF_001849615.1_ASM184961v1_genomic.fna	35	99	99	0	99
GCF_001845675.1_ASM184567v1_genomic.fna	9	99	99	99	99
GCF_001840555.1_ASM184055v1_genomic.fna	4	99	0	99	0
GCF_001948765.1_ASM194876v1_genomic.fna	50	0	0	0	0
GCF_001848365.1_ASM184836v1_genomic.fna	35	99	99	99	99
GCF_001948375.1_ASM194837v1_genomic.fna	4	0	99	0	99
GCF_001846815.1_ASM184681v1_genomic.fna	16	99	99	99	99
GCF_001946785.1_ASM194678v1_genomic.fna	35	0	99	0	99
GCF_001851845.1_ASM185184v1_genomic.fna	4	99	99	0	99
GCF_001947685.1_ASM194768v1_genomic.fna	35	0	0	0	0
GCF_001852025.1_ASM185202v1_genomic.fna	4	99	99	99	99
GCF_001847335.1_ASM184733v1_genomic.fna	13	99	99	0	99
GCF_001844095.1_ASM184409v1_genomic.fna	18	99	0	0	0
GCF_001846595.1_ASM184659v1_genomic.fna	16	99	99	0	99
GCF_001852245.1_ASM185224v1_genomic.fna	16	99	99	0	0
GCF_001853045.1_ASM185304v1_genomic.fna	9	99	99	99	99
GCF_001948785.1_ASM194878v1_genomic.fna	34	99	99	0	99
GCF_001840545.1_ASM184054v1_genomic.fna	18	99	99	0	99
GCF_001847465.1_ASM184746v1_genomic.fna	4	99	99	99	99
GCF_001846905.1_ASM184690v1_genomic.fna	8	99	99	0	99
GCF_001846785.1_ASM184678v1_genomic.fna	4	99	99	0	99
GCF_001847405.1_ASM184740v1_genomic.fna	16	99	99	0	99
GCF_001947535.1_ASM194753v1_genomic.fna	10	99	99	99	99
GCF_001325625.1_8898_8_58_genomic.fna	36	0	0	0	0
GCF_001391155.1_8939_3_69_genomic.fna	32	0	99	0	0
GCF_001852895.1_ASM185289v1_genomic.fna	4	99	99	99	99
GCF_001945685.1_ASM194568v1_genomic.fna	37	0	0	0	0
GCF_001851855.1_ASM185185v1_genomic.fna	37	99	99	0	99
GCF_001325425.1_8939_3_73_genomic.fna	15	0	0	0	0
GCF_001389835.1_8898_8_60_genomic.fna	29	0	0	0	0
GCF_001845975.1_ASM184597v1_genomic.fna	10	99	99	99	99
GCF_001842405.1_ASM184240v1_genomic.fna	50	99	0	0	99
GCF_001845665.1_ASM184566v1_genomic.fna	4	99	99	0	99
GCF_001390495.1_8939_3_54_genomic.fna	55	99	99	0	99
GCF_001377855.1_6954_1_64_genomic.fna	38	0	99	0	99
GCF_001376275.1_6954_8_93_genomic.fna	38	0	99	0	0
GCF_001390015.1_8987_5_1_genomic.fna	52	0	0	0	0
GCF_001376155.1_6954_8_96_genomic.fna	18	0	99	0	0
GCF_001383635.1_7156_6_32_genomic.fna	38	0	0	0	0
GCF_001381335.1_7314_8_69_genomic.fna	22	0	0	0	0
GCF_001321745.1_6954_8_55_genomic.fna	18	0	99	0	99
GCF_001381435.1_7314_8_68_genomic.fna	35	0	0	0	0
GCF_001378295.1_6954_8_83_genomic.fna	38	0	0	0	0
GCF_001323265.1_7314_8_84_genomic.fna	36	0	99	0	0
GCF_001376735.1_6954_1_85_genomic.fna	38	99	99	0	99
GCF_001323985.1_7769_7_19_genomic.fna	38	0	99	99	99
GCF_001323245.1_7314_8_85_genomic.fna	51	0	0	0	0
GCF_001383875.1_7755_2_11_genomic.fna	18	0	0	0	0
GCF_001324365.1_7935_3_56_genomic.fna	51	99	99	0	99
GCF_001378215.1_6954_1_90_genomic.fna	4	0	99	99	99
GCF_001383015.1_7156_6_37_genomic.fna	22	0	0	0	0
GCF_001377975.1_6954_8_85_genomic.fna	18	0	0	0	0
GCF_001384975.1_7755_2_3_genomic.fna	4	0	99	0	99
GCF_001386275.1_7935_3_60_genomic.fna	51	0	99	99	99
GCF_001386455.1_7935_3_93_genomic.fna	51	99	99	0	99
GCF_001385355.1_7755_4_4_genomic.fna	21	0	0	0	0
GCF_001322265.1_6954_8_74_genomic.fna	4	0	0	0	0
GCF_001377335.1_6954_1_80_genomic.fna	38	0	99	99	99
GCF_001386355.1_7935_3_49_genomic.fna	51	0	0	0	99
GCF_001852825.1_ASM185282v1_genomic.fna	9	99	99	99	99
GCF_001383575.1_7156_6_8_genomic.fna	18	0	0	0	0
GCF_001380515.1_7314_8_67_genomic.fna	51	0	0	0	0
GCF_001382735.1_7769_7_38_genomic.fna	5	0	99	0	0
GCF_001376875.1_6954_1_69_genomic.fna	22	0	99	99	99
GCF_001322345.1_6954_7_4_genomic.fna	51	0	0	0	0
GCF_001375895.1_6954_1_87_genomic.fna	18	99	99	99	99
GCF_001381015.1_7841_6_25_genomic.fna	51	99	99	0	99
GCF_001323305.1_7755_4_16_genomic.fna	18	0	99	99	99
GCF_001322125.1_6954_8_73_genomic.fna	51	0	0	0	0
GCF_001322485.1_6954_1_79_genomic.fna	22	0	99	0	99
GCF_001383755.1_7156_7_71_genomic.fna	51	0	0	0	0
GCF_001377255.1_6954_1_60_genomic.fna	51	0	99	0	99
GCF_001378415.1_6954_8_81_genomic.fna	51	0	0	0	0
GCF_001385635.1_7841_7_73_genomic.fna	51	0	0	0	0
GCF_001377195.1_6954_7_38_genomic.fna	22	0	99	0	99
GCF_001324105.1_7156_6_29_genomic.fna	18	0	0	0	0
GCF_001376215.1_6954_8_50_genomic.fna	51	0	99	0	99
GCF_001322965.1_7156_7_87_genomic.fna	51	0	0	99	0
GCF_001383415.1_7769_7_13_genomic.fna	51	0	0	0	0
GCF_001380135.1_7841_6_19_genomic.fna	51	99	99	99	99
GCF_001379215.1_7769_8_49_genomic.fna	22	0	0	0	0
GCF_001384115.1_7156_7_73_genomic.fna	51	0	0	0	0
GCF_001382075.1_7841_6_1_genomic.fna	51	0	99	99	99
GCF_001384235.1_7156_6_1_genomic.fna	51	99	99	0	99
GCF_001322425.1_6954_8_88_genomic.fna	51	99	99	99	99
GCF_001324285.1_7314_8_76_genomic.fna	51	0	0	0	0
GCF_001381415.1_7314_8_88_genomic.fna	51	99	99	0	99
GCF_001323085.1_7755_3_93_genomic.fna	51	0	99	0	99
GCF_001376135.1_6954_8_94_genomic.fna	51	99	99	0	99
GCF_001383235.1_7769_7_14_genomic.fna	51	99	99	99	99
GCF_001322545.1_6954_8_66_genomic.fna	51	0	0	0	0
GCF_001380795.1_7314_8_82_genomic.fna	51	99	99	99	99
GCF_001377655.1_6954_8_77_genomic.fna	22	0	0	0	0
GCF_001384855.1_7156_6_7_genomic.fna	51	99	99	0	99
GCF_001375775.1_6954_1_68_genomic.fna	51	99	99	0	99
GCF_001378015.1_6954_7_33_genomic.fna	51	0	99	0	99
GCF_001375855.1_6954_7_29_genomic.fna	51	0	99	0	99
GCF_001380155.1_7769_7_40_genomic.fna	51	99	99	0	99
GCF_001322885.1_7841_7_91_genomic.fna	51	99	99	0	99
GCF_001384155.1_7755_2_13_genomic.fna	51	0	0	0	0
GCF_001376175.1_6954_7_16_genomic.fna	51	0	99	0	0
GCF_001382975.1_7769_8_52_genomic.fna	51	0	99	0	0
GCF_001323565.1_7755_4_39_genomic.fna	51	0	0	0	0
GCF_001385395.1_7769_7_33_genomic.fna	51	99	99	0	99
GCF_001377995.1_6954_8_86_genomic.fna	51	0	0	0	0
GCF_001323025.1_7755_2_18_genomic.fna	51	0	99	99	99
GCF_001381115.1_7769_8_79_genomic.fna	51	0	99	0	99
GCF_001376755.1_6954_7_28_genomic.fna	51	99	99	0	99
GCF_001385435.1_7769_7_35_genomic.fna	51	0	99	99	99
GCF_001323885.1_7755_3_82_genomic.fna	51	99	99	99	99
GCF_001321925.1_6954_7_30_genomic.fna	51	0	99	99	99
GCF_001380315.1_7769_8_67_genomic.fna	51	0	99	0	99
GCF_001323905.1_7156_7_77_genomic.fna	51	0	0	0	0
GCF_001322945.1_7156_7_86_genomic.fna	51	0	0	0	0
GCF_001378315.1_6954_7_7_genomic.fna	51	0	0	99	0
GCF_001377895.1_6954_1_91_genomic.fna	51	99	99	0	99
GCF_001380275.1_7769_7_1_genomic.fna	18	0	0	0	0
GCF_001376315.1_6954_1_83_genomic.fna	51	99	99	0	99
GCF_001385075.1_7156_6_24_genomic.fna	51	99	99	99	99
GCF_001380355.1_7769_7_2_genomic.fna	51	99	99	99	99
GCF_001376835.1_6954_8_90_genomic.fna	51	0	0	0	0
GCF_001324325.1_7841_7_70_genomic.fna	51	0	99	0	99
GCF_001384515.1_7156_6_28_genomic.fna	51	0	99	0	0
GCF_001379555.1_7156_7_88_genomic.fna	51	99	99	0	99
GCF_001379175.1_7841_7_92_genomic.fna	51	99	99	0	99
GCF_001376515.1_6954_7_15_genomic.fna	51	0	99	0	0
GCF_001383495.1_7769_7_11_genomic.fna	38	0	99	0	0
GCF_001384695.1_7769_8_62_genomic.fna	51	0	0	0	0
GCF_001384795.1_7769_8_63_genomic.fna	51	0	0	0	0
GCF_001324225.1_7769_8_88_genomic.fna	51	0	0	0	0
GCF_001381035.1_7755_3_85_genomic.fna	51	0	0	0	99
GCF_000659605.1_Myco_tube_TKK_02_0044_V1_genomic.fna	38	99	99	99	99
GCF_000659285.1_Myco_tube_TKK_02_0009_V1_genomic.fna	38	99	99	99	99
GCF_000659525.1_Myco_tube_TKK_02_0040_V1_genomic.fna	38	99	99	99	99
GCF_000659705.1_Myco_tube_TKK_02_0051_V1_genomic.fna	38	99	99	99	99
GCF_000659645.1_Myco_tube_TKK_02_0048_V1_genomic.fna	38	99	99	99	99
GCF_000659625.1_Myco_tube_TKK_02_0047_V1_genomic.fna	38	99	99	99	99
GCF_000659345.1_Myco_tube_TKK_02_0023_V1_genomic.fna	38	99	99	99	99
GCF_000659245.1_Myco_tube_TKK_02_0007_V1_genomic.fna	38	99	99	99	99
GCF_000661445.1_Myco_tube_TKK-01-0071_V1_genomic.fna	38	99	99	99	99
GCF_000659465.1_Myco_tube_TKK_02_0031_V1_genomic.fna	38	99	99	99	99
GCF_000659425.1_Myco_tube_TKK_02_0029_V1_genomic.fna	38	99	99	99	99
GCF_000659205.1_Myco_tube_TKK_02_0004_V1_genomic.fna	38	99	99	99	99
GCF_000659445.1_Myco_tube_TKK_02_0030_V1_genomic.fna	38	99	99	99	99
GCF_000659665.1_Myco_tube_TKK_02_0049_V1_genomic.fna	38	99	99	99	99
GCF_000659545.1_Myco_tube_TKK_02_0041_V1_genomic.fna	38	99	99	99	99
GCF_000659225.1_Myco_tube_TKK_02_0005_V1_genomic.fna	38	99	99	99	99
GCF_000659685.1_Myco_tube_TKK_02_0050_V1_genomic.fna	38	99	99	99	99
GCF_000659385.1_Myco_tube_TKK_02_0026_V1_genomic.fna	38	99	99	99	99
GCF_000661465.1_Myco_tube_TKK-01-0073_V1_genomic.fna	38	99	99	99	0
GCF_000659845.1_Myco_tube_TKK_02_0060_V1_genomic.fna	38	99	99	99	99
GCF_000660865.1_Myco_tube_TKK-01-0040_V1_genomic.fna	38	99	99	99	99
GCF_000660625.1_Myco_tube_TKK-01-0025_V1_genomic.fna	38	99	99	99	99
GCF_000661485.1_Myco_tube_TKK-01-0074_V1_genomic.fna	38	99	99	99	99
GCF_000659865.1_Myco_tube_TKK_02_0065_V1_genomic.fna	38	99	99	99	99
GCF_000660785.1_Myco_tube_TKK-01-0035_V1_genomic.fna	38	99	99	99	99
GCF_001850975.1_ASM185097v1_genomic.fna	16	99	99	0	99
GCF_001852555.1_ASM185255v1_genomic.fna	4	99	99	99	99
GCF_000659265.1_Myco_tube_TKK_02_0008_V1_genomic.fna	38	99	99	99	99
GCF_000661025.1_Myco_tube_TKK-01-0048_V1_genomic.fna	38	99	99	99	99
GCF_000680135.1_Myco_tube_XTB13-097_V1_genomic.fna	51	99	99	99	99
GCF_000661405.1_Myco_tube_TKK-01-0068_V1_genomic.fna	38	99	99	99	0
GCF_000680975.1_Myco_tube_XTB13-153_V1_genomic.fna	51	99	99	99	99
GCF_000680435.1_Myco_tube_XTB13-117_V1_genomic.fna	51	99	99	99	99
GCF_000680355.1_Myco_tube_XTB13-113_V1_genomic.fna	51	99	99	99	99
GCF_000679975.1_Myco_tube_XTB13-088_V1_genomic.fna	51	99	99	99	99
GCF_000660765.1_Myco_tube_TKK-01-0034_V1_genomic.fna	10	0	99	0	0
GCF_000680335.1_Myco_tube_XTB13-112_V1_genomic.fna	51	99	99	99	99
GCF_000661505.1_Myco_tube_TKK-01-0075_V1_genomic.fna	38	99	99	99	99
GCF_000681235.1_Myco_tube_XTB13-175_V1_genomic.fna	51	99	99	99	99
GCF_000660745.1_Myco_tube_TKK-01-0033_V1_genomic.fna	38	99	99	99	99
GCF_001848555.1_ASM184855v1_genomic.fna	18	99	99	99	99
GCF_000660365.1_Myco_tube_TKK-01-0007_V1_genomic.fna	34	0	0	0	0
GCF_001848655.1_ASM184865v1_genomic.fna	50	99	99	99	99
GCF_001943825.1_ASM194382v1_genomic.fna	10	99	99	99	99
GCF_000659825.1_Myco_tube_TKK_02_0059_V1_genomic.fna	38	99	99	99	99
GCF_000680735.1_Myco_tube_XTB13-136_V1_genomic.fna	51	99	99	99	99
GCF_000655535.1_Myco_tube_XTB13-208_V1_genomic.fna	51	99	99	99	99
GCF_000655735.1_Myco_tube_XTB13-219_V1_genomic.fna	51	99	99	99	99
GCF_000655155.1_Myco_tube_XTB13-184_V1_genomic.fna	38	99	99	99	99
GCF_001944555.1_ASM194455v1_genomic.fna	50	99	99	0	99
GCF_000659585.1_Myco_tube_TKK_02_0043_V1_genomic.fna	38	99	99	99	99
GCF_000656075.1_Myco_tube_XTB13-242_V1_genomic.fna	51	99	99	99	99
GCF_000659565.1_Myco_tube_TKK_02_0042_V1_genomic.fna	19	99	99	0	99
GCF_000659925.1_Myco_tube_TKK_02_0075_V1_genomic.fna	4	99	99	99	99
GCF_000680195.1_Myco_tube_XTB13-102_V1_genomic.fna	51	99	99	99	99
GCF_001943905.1_ASM194390v1_genomic.fna	34	99	99	99	99
GCF_000706445.1_Myco_tube_XTB13-201_V1_genomic.fna	38	0	0	0	0
GCF_000655275.1_Myco_tube_XTB13-192_V1_genomic.fna	38	99	99	99	99
GCF_000660885.1_Myco_tube_TKK-01-0041_V1_genomic.fna	19	99	99	0	99
GCF_000680495.1_Myco_tube_XTB13-121_V1_genomic.fna	18	0	0	0	0
GCF_001943225.1_ASM194322v1_genomic.fna	9	99	99	99	99
GCF_001948225.1_ASM194822v1_genomic.fna	35	99	99	99	99
GCF_000659505.1_Myco_tube_TKK_02_0037_V1_genomic.fna	10	99	99	99	99
GCF_000655815.1_Myco_tube_XTB13-228_V1_genomic.fna	51	99	99	99	99
GCF_000680115.1_Myco_tube_XTB13-096_V1_genomic.fna	18	0	0	0	0
GCF_000659905.1_Myco_tube_TKK_02_0074_V1_genomic.fna	19	99	99	99	99
GCF_000659885.1_Myco_tube_TKK_02_0066_V1_genomic.fna	19	99	99	0	99
GCF_000679955.1_Myco_tube_XTB13-086_V1_genomic.fna	18	0	0	0	0
GCF_000660925.1_Myco_tube_TKK-01-0043_V1_genomic.fna	51	99	99	0	99
GCF_000680275.1_Myco_tube_XTB13-107_V1_genomic.fna	38	99	99	99	99
GCF_000679935.1_Myco_tube_XTB13-084_V1_genomic.fna	51	99	99	99	99
GCF_001850345.1_ASM185034v1_genomic.fna	4	99	99	99	99
GCF_001944065.1_ASM194406v1_genomic.fna	36	99	99	99	99
GCF_001855865.1_ASM185586v1_genomic.fna	4	0	0	0	0
GCF_001841345.1_ASM184134v1_genomic.fna	4	99	99	99	99
GCF_000680035.1_Myco_tube_XTB13-092_V1_genomic.fna	51	0	99	0	99
GCF_000655555.1_Myco_tube_XTB13-209_V1_genomic.fna	22	0	0	0	0
GCF_001947445.1_ASM194744v1_genomic.fna	35	99	99	0	99
GCF_000655375.1_Myco_tube_XTB13-197_V1_genomic.fna	51	99	99	99	99
GCF_000661655.1_Myco_tube_TKK-01-0084_V1_genomic.fna	38	0	0	0	0
GCF_000659985.1_Myco_tube_TKK_02_0080_V1_genomic.fna	50	99	99	99	99
GCF_000660545.1_Myco_tube_TKK-01-0018_V1_genomic.fna	58	0	99	99	0
GCF_000659085.1_Myco_tube_TKK-01-0023_V3_genomic.fna	51	99	99	99	99
GCF_000655175.1_Myco_tube_XTB13-186_V1_genomic.fna	51	0	0	0	0
GCF_000660525.1_Myco_tube_TKK-01-0016_V1_genomic.fna	19	99	99	0	99
GCF_001946865.1_ASM194686v1_genomic.fna	4	99	99	99	99
GCF_000680415.1_Myco_tube_XTB13-116_V1_genomic.fna	51	99	99	99	99
GCF_000655855.1_Myco_tube_XTB13-230_V1_genomic.fna	38	99	99	99	99
GCF_000659745.1_Myco_tube_TKK_02_0055_V1_genomic.fna	46	99	99	99	99
GCF_000660265.1_Myco_tube_TKK-01-0002_V1_genomic.fna	51	0	0	0	0
GCF_000655875.1_Myco_tube_XTB13-231_V1_genomic.fna	51	99	99	99	99
GCF_000660985.1_Myco_tube_TKK-01-0046_V1_genomic.fna	51	0	99	0	0
GCF_001844195.1_ASM184419v1_genomic.fna	4	0	0	0	0
GCF_001945075.1_ASM194507v1_genomic.fna	16	99	99	0	99
GCF_001948545.1_ASM194854v1_genomic.fna	4	99	99	99	99
GCF_000680095.1_Myco_tube_XTB13-095_V1_genomic.fna	51	99	99	99	99
GCF_000660825.1_Myco_tube_TKK-01-0038_V1_genomic.fna	19	99	99	0	99
GCF_000655135.1_Myco_tube_XTB13-183_V1_genomic.fna	38	99	99	99	99
GCF_001849425.1_ASM184942v1_genomic.fna	36	99	99	99	99
GCF_001945145.1_ASM194514v1_genomic.fna	16	99	99	0	0
GCF_001849485.1_ASM184948v1_genomic.fna	4	0	99	99	99
GCF_001942705.1_ASM194270v1_genomic.fna	51	99	99	0	0
GCF_000655115.1_Myco_tube_XTB13-182_V1_genomic.fna	51	99	99	99	99
GCF_001943205.1_ASM194320v1_genomic.fna	4	99	99	99	99
GCF_002130185.1_ASM213018v1_genomic.fna	4	0	0	99	99
GCF_002129175.1_ASM212917v1_genomic.fna	18	99	99	0	99
GCF_000656195.1_Myco_tube_XTB13-250_V1_genomic.fna	51	99	99	99	99
GCF_000660465.1_Myco_tube_TKK-01-0013_V1_genomic.fna	50	99	99	99	99
GCF_000660705.1_Myco_tube_TKK-01-0030_V1_genomic.fna	19	0	99	0	99
GCF_000680395.1_Myco_tube_XTB13-115_V1_genomic.fna	38	99	99	99	99
GCF_000657675.1_Myco_tube_NRITLD38_V1_genomic.fna	51	99	99	99	99
GCF_001851245.1_ASM185124v1_genomic.fna	51	99	99	99	99
GCF_001842595.1_ASM184259v1_genomic.fna	4	99	99	99	99
GCF_001945845.1_ASM194584v1_genomic.fna	4	99	99	0	99
GCF_001943345.1_ASM194334v1_genomic.fna	4	99	99	99	99
GCF_001846995.1_ASM184699v1_genomic.fna	9	99	99	0	99
GCF_001947285.1_ASM194728v1_genomic.fna	16	0	99	99	99
GCF_001842415.1_ASM184241v1_genomic.fna	37	99	99	99	99
GCF_001852525.1_ASM185252v1_genomic.fna	38	99	99	99	99
GCF_001851655.1_ASM185165v1_genomic.fna	38	99	99	99	99
GCF_001944055.1_ASM194405v1_genomic.fna	4	99	99	99	99
GCF_001845085.1_ASM184508v1_genomic.fna	50	99	99	99	0
GCF_001855805.1_ASM185580v1_genomic.fna	10	99	99	99	99
GCF_002129815.1_ASM212981v1_genomic.fna	16	99	99	99	99
GCF_001849365.1_ASM184936v1_genomic.fna	9	99	99	99	99
GCF_000656115.1_Myco_tube_XTB13-245_V1_genomic.fna	51	99	99	99	99
GCF_001949095.1_ASM194909v1_genomic.fna	16	0	99	0	0
GCF_001944075.1_ASM194407v1_genomic.fna	4	99	99	99	99
GCF_001844955.1_ASM184495v1_genomic.fna	37	99	0	0	0
GCF_001946175.1_ASM194617v1_genomic.fna	34	0	99	0	0
GCF_001851595.1_ASM185159v1_genomic.fna	50	99	99	99	99
GCF_001843055.1_ASM184305v1_genomic.fna	37	99	99	99	99
GCF_001850855.1_ASM185085v1_genomic.fna	16	99	99	0	99
GCF_001840205.1_ASM184020v1_genomic.fna	37	0	0	0	0
GCF_002130075.1_ASM213007v1_genomic.fna	35	99	99	99	99
GCF_001942905.1_ASM194290v1_genomic.fna	34	99	99	99	99
GCF_001845145.1_ASM184514v1_genomic.fna	4	0	99	0	0
GCF_001845635.1_ASM184563v1_genomic.fna	20	99	99	99	99
GCF_001846645.1_ASM184664v1_genomic.fna	18	99	99	99	99
GCF_001842825.1_ASM184282v1_genomic.fna	16	99	99	0	0
GCF_001945285.1_ASM194528v1_genomic.fna	37	0	99	0	0
GCF_001846505.1_ASM184650v1_genomic.fna	4	99	99	99	99
GCF_002130025.1_ASM213002v1_genomic.fna	35	99	99	99	99
GCF_001945065.1_ASM194506v1_genomic.fna	4	99	99	0	99
GCF_001845585.1_ASM184558v1_genomic.fna	34	99	99	99	99
GCF_001845455.1_ASM184545v1_genomic.fna	10	99	0	0	0
GCF_001949015.1_ASM194901v1_genomic.fna	37	99	99	99	99
GCF_001948945.1_ASM194894v1_genomic.fna	35	99	99	0	99
GCF_001840065.1_ASM184006v1_genomic.fna	35	0	99	0	0
GCF_001844995.1_ASM184499v1_genomic.fna	20	99	0	0	0
GCF_001850845.1_ASM185084v1_genomic.fna	16	99	99	0	99
GCF_001850625.1_ASM185062v1_genomic.fna	36	99	99	99	99
GCF_001846825.1_ASM184682v1_genomic.fna	4	99	0	0	99
GCF_000661065.1_Myco_tube_TKK-01-0050_V1_genomic.fna	5	99	99	99	99
GCF_001945775.1_ASM194577v1_genomic.fna	37	99	99	99	99
GCF_001943045.1_ASM194304v1_genomic.fna	10	99	99	99	0
GCF_001844005.1_ASM184400v1_genomic.fna	4	99	99	99	99
GCF_001848115.1_ASM184811v1_genomic.fna	10	99	99	99	99
GCF_001844925.1_ASM184492v1_genomic.fna	4	0	0	0	99
GCF_001947435.1_ASM194743v1_genomic.fna	36	99	99	0	99
GCF_001947965.1_ASM194796v1_genomic.fna	36	0	99	99	99
GCF_002129985.1_ASM212998v1_genomic.fna	37	99	99	0	99
GCF_001943115.1_ASM194311v1_genomic.fna	35	99	99	0	99
GCF_001944925.1_ASM194492v1_genomic.fna	4	0	0	0	0
GCF_001849295.1_ASM184929v1_genomic.fna	10	99	99	99	99
GCF_001850155.1_ASM185015v1_genomic.fna	4	99	99	99	99
GCF_001842865.1_ASM184286v1_genomic.fna	37	99	99	99	99
GCF_001847965.1_ASM184796v1_genomic.fna	11	99	99	99	99
GCF_001948295.1_ASM194829v1_genomic.fna	34	99	99	99	99
GCF_001842915.1_ASM184291v1_genomic.fna	10	99	99	99	99
GCF_001946995.1_ASM194699v1_genomic.fna	19	0	0	0	0
GCF_001846065.1_ASM184606v1_genomic.fna	16	0	99	0	99
GCF_001847135.1_ASM184713v1_genomic.fna	35	99	99	99	99
GCF_001842505.1_ASM184250v1_genomic.fna	16	99	99	99	99
GCF_001847825.1_ASM184782v1_genomic.fna	38	99	99	0	99
GCF_002130345.1_ASM213034v1_genomic.fna	4	99	99	99	99
GCF_002128855.1_ASM212885v1_genomic.fna	36	99	99	99	99
GCF_001946105.1_ASM194610v1_genomic.fna	34	0	99	99	99
GCF_001942725.1_ASM194272v1_genomic.fna	4	99	99	0	99
GCF_001948445.1_ASM194844v1_genomic.fna	37	99	99	0	99
GCF_001845325.1_ASM184532v1_genomic.fna	37	0	0	99	0
GCF_001944775.1_ASM194477v1_genomic.fna	35	0	99	0	99
GCF_001849205.1_ASM184920v1_genomic.fna	16	99	99	99	99
GCF_001945785.1_ASM194578v1_genomic.fna	37	99	99	99	99
GCF_001839985.1_ASM183998v1_genomic.fna	6	0	0	0	0
GCF_001946875.1_ASM194687v1_genomic.fna	37	0	99	99	99
GCF_001853205.1_ASM185320v1_genomic.fna	11	99	99	0	99
GCF_001845345.1_ASM184534v1_genomic.fna	6	0	0	0	0
GCF_001942655.1_ASM194265v1_genomic.fna	9	99	0	0	0
GCF_001946755.1_ASM194675v1_genomic.fna	4	99	99	99	99
GCF_001850765.1_ASM185076v1_genomic.fna	50	99	99	99	99
GCF_000657135.1_Myco_tube_NRITLD47_V1_genomic.fna	51	99	99	99	99
GCF_001846345.1_ASM184634v1_genomic.fna	9	99	99	99	99
GCF_001848185.1_ASM184818v1_genomic.fna	35	99	99	99	99
GCF_001847925.1_ASM184792v1_genomic.fna	37	99	99	99	99
GCF_001852005.1_ASM185200v1_genomic.fna	36	0	99	99	99
GCF_001845595.1_ASM184559v1_genomic.fna	9	99	99	99	99
GCF_001849785.1_ASM184978v1_genomic.fna	45	99	99	99	99
GCF_001842585.1_ASM184258v1_genomic.fna	4	0	0	0	0
GCF_001947885.1_ASM194788v1_genomic.fna	37	99	99	99	99
GCF_001843475.1_ASM184347v1_genomic.fna	4	0	0	0	0
GCF_001852375.1_ASM185237v1_genomic.fna	35	99	99	99	99
GCF_001946645.1_ASM194664v1_genomic.fna	35	99	99	0	99
GCF_001942635.1_ASM194263v1_genomic.fna	51	99	99	99	99
GCF_001946675.1_ASM194667v1_genomic.fna	51	0	99	99	99
GCF_001948465.1_ASM194846v1_genomic.fna	4	99	99	99	99
GCF_001852145.1_ASM185214v1_genomic.fna	4	99	99	0	99
GCF_001847675.1_ASM184767v1_genomic.fna	4	99	99	99	99
GCF_001839885.1_ASM183988v1_genomic.fna	11	0	0	0	0
GCF_001851955.1_ASM185195v1_genomic.fna	35	99	99	99	99
GCF_001948065.1_ASM194806v1_genomic.fna	4	99	99	99	99
GCF_001840075.1_ASM184007v1_genomic.fna	4	0	0	99	0
GCF_001845105.1_ASM184510v1_genomic.fna	18	0	0	0	0
GCF_001947525.1_ASM194752v1_genomic.fna	36	99	99	99	99
GCF_001849005.1_ASM184900v1_genomic.fna	4	99	99	0	99
GCF_001852635.1_ASM185263v1_genomic.fna	37	99	99	0	99
GCF_001846265.1_ASM184626v1_genomic.fna	50	99	99	0	99
GCF_001946585.1_ASM194658v1_genomic.fna	35	0	99	0	99
GCF_001847705.1_ASM184770v1_genomic.fna	37	99	99	99	99
GCF_001846385.1_ASM184638v1_genomic.fna	36	0	99	99	99
GCF_001846225.1_ASM184622v1_genomic.fna	35	99	99	0	99
GCF_001855795.1_ASM185579v1_genomic.fna	4	99	99	99	99
GCF_001847305.1_ASM184730v1_genomic.fna	37	99	99	0	99
GCF_001842945.1_ASM184294v1_genomic.fna	4	99	99	0	99
GCF_001845965.1_ASM184596v1_genomic.fna	20	99	99	0	99
GCF_002129945.1_ASM212994v1_genomic.fna	34	99	99	99	99
GCF_001946425.1_ASM194642v1_genomic.fna	4	0	99	0	0
GCF_001845435.1_ASM184543v1_genomic.fna	9	0	0	0	0
GCF_001849605.1_ASM184960v1_genomic.fna	50	99	99	0	99
GCF_001840045.1_ASM184004v1_genomic.fna	51	0	0	0	0
GCF_001842615.1_ASM184261v1_genomic.fna	4	0	0	0	0
GCF_001848445.1_ASM184844v1_genomic.fna	16	99	99	99	99
GCF_001948045.1_ASM194804v1_genomic.fna	37	99	99	99	99
GCF_001844505.1_ASM184450v1_genomic.fna	44	0	0	99	0
GCF_001943035.1_ASM194303v1_genomic.fna	19	99	99	99	99
GCF_001848405.1_ASM184840v1_genomic.fna	35	99	99	99	99
GCF_001946815.1_ASM194681v1_genomic.fna	37	99	99	99	99
GCF_001853085.1_ASM185308v1_genomic.fna	9	99	99	99	99
GCF_001949005.1_ASM194900v1_genomic.fna	10	99	99	99	99
GCF_001847045.1_ASM184704v1_genomic.fna	4	99	99	99	99
GCF_002129955.1_ASM212995v1_genomic.fna	10	99	99	99	99
GCF_001847205.1_ASM184720v1_genomic.fna	34	99	99	0	99
GCF_001846735.1_ASM184673v1_genomic.fna	4	99	99	99	99
GCF_001943995.1_ASM194399v1_genomic.fna	10	99	99	99	99
GCF_001947615.1_ASM194761v1_genomic.fna	50	99	99	0	99
GCF_001852955.1_ASM185295v1_genomic.fna	4	99	99	0	99
GCF_001855905.1_ASM185590v1_genomic.fna	35	0	0	0	0
GCF_001853105.1_ASM185310v1_genomic.fna	34	99	99	99	99
GCF_001845755.1_ASM184575v1_genomic.fna	4	99	99	99	99
GCF_001849085.1_ASM184908v1_genomic.fna	9	99	99	99	99
GCF_001843565.1_ASM184356v1_genomic.fna	4	0	0	0	0
GCF_000657635.1_Myco_tube_NRITLD34_V1_genomic.fna	18	99	99	99	99
GCF_000657615.1_Myco_tube_NRITLD33_V1_genomic.fna	58	99	99	99	99
GCF_001847125.1_ASM184712v1_genomic.fna	35	99	99	99	99
GCF_001947345.1_ASM194734v1_genomic.fna	34	0	0	0	0
GCF_001852085.1_ASM185208v1_genomic.fna	4	99	99	99	99
GCF_001853185.1_ASM185318v1_genomic.fna	16	99	99	99	99
GCF_001855975.1_ASM185597v1_genomic.fna	4	99	99	99	99
GCF_001947135.1_ASM194713v1_genomic.fna	37	99	99	99	99
GCF_001848165.1_ASM184816v1_genomic.fna	4	99	99	0	99
GCF_001840385.1_ASM184038v1_genomic.fna	4	99	0	0	0
GCF_001852065.1_ASM185206v1_genomic.fna	35	99	99	99	99
GCF_001853135.1_ASM185313v1_genomic.fna	4	99	99	0	99
GCF_001948075.1_ASM194807v1_genomic.fna	37	99	99	99	99
GCF_001947035.1_ASM194703v1_genomic.fna	50	0	99	0	99
GCF_001848215.1_ASM184821v1_genomic.fna	4	99	99	0	99
GCF_001848005.1_ASM184800v1_genomic.fna	35	99	99	99	99
GCF_001946565.1_ASM194656v1_genomic.fna	4	99	99	99	99
GCF_001852045.1_ASM185204v1_genomic.fna	37	99	99	99	99
GCF_001846425.1_ASM184642v1_genomic.fna	36	99	99	99	99
GCF_001847885.1_ASM184788v1_genomic.fna	50	99	99	0	99
GCF_000657295.1_Myco_tube_NRITLD57_V1_genomic.fna	34	99	99	99	99
GCF_001846035.1_ASM184603v1_genomic.fna	20	99	99	99	99
GCF_001839715.1_ASM183971v1_genomic.fna	16	0	99	0	0
GCF_001847085.1_ASM184708v1_genomic.fna	4	99	99	99	99
GCF_002128925.1_ASM212892v1_genomic.fna	4	0	99	99	99
GCF_001847805.1_ASM184780v1_genomic.fna	37	99	99	0	99
GCF_001853125.1_ASM185312v1_genomic.fna	51	99	99	0	99
GCF_001852985.1_ASM185298v1_genomic.fna	51	99	99	99	99
GCF_001848265.1_ASM184826v1_genomic.fna	4	99	99	99	99
GCF_001947455.1_ASM194745v1_genomic.fna	35	99	99	0	99
GCF_001853165.1_ASM185316v1_genomic.fna	51	99	99	99	99
GCF_001946255.1_ASM194625v1_genomic.fna	37	99	99	99	99
GCF_001843025.1_ASM184302v1_genomic.fna	51	0	99	99	99
GCF_001846885.1_ASM184688v1_genomic.fna	4	0	99	99	99
GCF_001846575.1_ASM184657v1_genomic.fna	37	99	99	99	99
GCF_001845715.1_ASM184571v1_genomic.fna	34	0	99	0	99
GCF_001846435.1_ASM184643v1_genomic.fna	37	99	99	99	0
GCF_001845895.1_ASM184589v1_genomic.fna	37	0	99	99	99
GCF_001852275.1_ASM185227v1_genomic.fna	4	99	99	0	99
GCF_001846005.1_ASM184600v1_genomic.fna	18	0	0	0	99
GCF_001845335.1_ASM184533v1_genomic.fna	51	0	99	99	0
GCF_001840435.1_ASM184043v1_genomic.fna	16	0	99	0	0
GCF_001847365.1_ASM184736v1_genomic.fna	18	99	99	99	99
GCF_001948165.1_ASM194816v1_genomic.fna	50	99	99	0	99
GCF_001847745.1_ASM184774v1_genomic.fna	4	99	99	99	99
GCF_001387655.1_8987_5_16_genomic.fna	30	0	0	0	0
GCF_001848085.1_ASM184808v1_genomic.fna	4	99	99	0	99
GCF_001848255.1_ASM184825v1_genomic.fna	9	99	99	99	99
GCF_001846635.1_ASM184663v1_genomic.fna	4	0	99	99	99
GCF_001853195.1_ASM185319v1_genomic.fna	37	99	99	99	99
GCF_001852865.1_ASM185286v1_genomic.fna	4	99	99	99	99
GCF_001847445.1_ASM184744v1_genomic.fna	37	0	99	99	99
GCF_001376415.1_6972_6_7_genomic.fna	18	99	99	0	99
GCF_001846075.1_ASM184607v1_genomic.fna	50	99	99	99	99
GCF_001852165.1_ASM185216v1_genomic.fna	37	99	99	0	99
GCF_001852885.1_ASM185288v1_genomic.fna	4	99	99	99	99
GCF_001846305.1_ASM184630v1_genomic.fna	4	99	99	99	99
GCF_001848045.1_ASM184804v1_genomic.fna	16	0	99	0	99
GCF_001947765.1_ASM194776v1_genomic.fna	51	99	99	99	99
GCF_001846015.1_ASM184601v1_genomic.fna	51	0	99	0	0
GCF_001846625.1_ASM184662v1_genomic.fna	11	99	99	0	99
GCF_001848245.1_ASM184824v1_genomic.fna	37	0	99	99	99
GCF_001847415.1_ASM184741v1_genomic.fna	4	99	99	99	99
GCF_001848095.1_ASM184809v1_genomic.fna	4	99	99	99	99
GCF_001322165.1_6972_6_10_genomic.fna	38	0	0	0	0
GCF_001377475.1_6972_6_32_genomic.fna	6	0	0	0	0
GCF_001390375.1_8939_3_20_genomic.fna	32	0	0	0	0
GCF_000657315.1_Myco_tube_NRITLD59_V1_genomic.fna	51	99	99	99	99
GCF_001946095.1_ASM194609v1_genomic.fna	35	99	99	0	99
GCF_001388375.1_8939_3_30_genomic.fna	32	0	0	0	0
GCF_001387315.1_8987_4_3_genomic.fna	61	0	0	99	0
GCF_001389815.1_8939_3_3_genomic.fna	32	0	0	0	0
GCF_001845705.1_ASM184570v1_genomic.fna	4	0	99	0	0
GCF_001948405.1_ASM194840v1_genomic.fna	6	0	99	0	99
GCF_001387195.1_8939_3_14_genomic.fna	32	0	0	99	0
GCF_001390415.1_8987_5_43_genomic.fna	62	0	0	0	0
GCF_001390775.1_8898_8_62_genomic.fna	25	0	0	0	0
GCF_001386775.1_8898_8_90_genomic.fna	25	0	0	0	0
GCF_001375815.1_6972_6_48_genomic.fna	38	99	99	99	0
GCF_001946245.1_ASM194624v1_genomic.fna	4	99	99	99	99
GCF_001390995.1_8898_8_15_genomic.fna	32	0	0	0	0
GCF_001845925.1_ASM184592v1_genomic.fna	37	99	99	99	99
GCF_001387175.1_8987_5_38_genomic.fna	31	0	0	0	0
GCF_001325665.1_8898_8_94_genomic.fna	27	0	0	0	0
GCF_001948925.1_ASM194892v1_genomic.fna	37	99	99	99	99
GCF_001377955.1_6972_6_18_genomic.fna	38	0	0	0	0
GCF_001388475.1_8898_8_82_genomic.fna	26	0	0	0	99
GCF_001322445.1_6972_6_15_genomic.fna	6	0	99	0	99
GCF_001388735.1_8898_8_27_genomic.fna	28	0	0	0	0
GCF_001387955.1_8898_8_50_genomic.fna	25	0	0	0	0
GCF_001386815.1_8898_8_89_genomic.fna	45	99	99	99	99
GCF_001390555.1_8987_5_45_genomic.fna	62	0	99	99	0
GCF_001325925.1_8987_4_79_genomic.fna	15	99	0	0	0
GCF_000657195.1_Myco_tube_NRITLD51_V1_genomic.fna	51	99	99	99	99
GCF_001839975.1_ASM183997v1_genomic.fna	4	0	0	0	0
GCF_001325725.1_8939_3_42_genomic.fna	28	0	0	0	0
GCF_001377135.1_6972_6_28_genomic.fna	36	0	99	0	0
GCF_001846145.1_ASM184614v1_genomic.fna	50	99	99	99	99
GCF_001839805.1_ASM183980v1_genomic.fna	50	99	99	0	0
GCF_001389695.1_8939_3_5_genomic.fna	65	0	0	0	0
GCF_001325065.1_8939_3_65_genomic.fna	24	0	0	0	0
GCF_001326005.1_8898_8_38_genomic.fna	32	0	0	0	0
GCF_001387935.1_8939_3_29_genomic.fna	32	0	0	0	0
GCF_001387775.1_8939_3_34_genomic.fna	28	0	0	0	0
GCF_001386915.1_8898_8_92_genomic.fna	28	0	0	0	0
GCF_001851885.1_ASM185188v1_genomic.fna	4	99	99	0	99
GCF_001324825.1_8939_3_13_genomic.fna	32	0	99	99	99
GCF_001387975.1_8987_5_34_genomic.fna	29	0	0	0	0
GCF_001851935.1_ASM185193v1_genomic.fna	9	99	99	99	99
GCF_001387495.1_8987_4_72_genomic.fna	60	0	99	0	99
GCF_001390715.1_8987_5_48_genomic.fna	63	0	99	99	0
GCF_001389915.1_8987_5_3_genomic.fna	66	99	99	0	99
GCF_001388915.1_8987_4_25_genomic.fna	12	0	0	0	0
GCF_001852815.1_ASM185281v1_genomic.fna	37	99	99	0	99
GCF_001377735.1_6972_6_34_genomic.fna	22	0	0	0	0
GCF_001390835.1_8987_5_46_genomic.fna	64	0	0	0	0
GCF_001388675.1_8987_4_44_genomic.fna	25	0	0	0	0
GCF_001388335.1_8939_3_77_genomic.fna	25	0	0	0	0
GCF_001388715.1_8939_3_59_genomic.fna	32	0	0	0	0
GCF_001388615.1_8898_8_74_genomic.fna	28	0	0	0	0
GCF_001389875.1_8987_4_59_genomic.fna	32	99	99	99	99
GCF_001322665.1_6972_6_37_genomic.fna	18	0	99	99	99
GCF_001377095.1_6972_6_16_genomic.fna	18	0	99	0	99
GCF_001390035.1_8939_3_1_genomic.fna	55	99	99	0	99
GCF_001387455.1_8898_8_71_genomic.fna	12	0	99	0	0
GCF_001387635.1_8898_8_72_genomic.fna	27	0	0	0	0
GCF_001388235.1_8939_3_11_genomic.fna	14	0	99	0	0
GCF_001389375.1_8939_3_27_genomic.fna	14	0	0	0	0
GCF_001377315.1_6972_6_44_genomic.fna	18	0	0	0	0
GCF_001325845.1_8898_8_36_genomic.fna	30	0	99	0	99
GCF_001389215.1_8939_3_72_genomic.fna	65	0	0	0	0
GCF_001388155.1_8898_8_52_genomic.fna	19	0	99	0	99
GCF_001321905.1_6972_6_23_genomic.fna	51	0	0	0	0
GCF_001390535.1_8939_3_88_genomic.fna	65	0	0	0	0
GCF_001388075.1_8987_5_33_genomic.fna	14	0	0	0	0
GCF_001390455.1_8987_5_42_genomic.fna	64	0	99	0	0
GCF_001326115.1_8939_3_67_genomic.fna	24	0	0	0	0
GCF_001389015.1_8987_4_39_genomic.fna	60	0	99	0	99
GCF_001325185.1_8939_3_12_genomic.fna	53	99	99	0	99
GCF_001390295.1_8939_3_23_genomic.fna	25	0	0	0	0
GCF_001386795.1_8898_8_65_genomic.fna	5	99	99	0	99
GCF_001390095.1_8898_8_96_genomic.fna	36	0	0	0	0
GCF_001377815.1_6972_6_38_genomic.fna	22	99	99	99	99
GCF_001388195.1_8939_3_31_genomic.fna	53	0	0	0	0
GCF_001391075.1_8898_8_17_genomic.fna	32	0	99	0	0
GCF_001389335.1_8987_4_37_genomic.fna	28	0	0	0	0
GCF_001390575.1_8939_3_89_genomic.fna	14	0	99	0	99
GCF_001387255.1_8898_8_83_genomic.fna	52	99	99	99	99
GCF_001321685.1_6972_6_21_genomic.fna	51	0	99	0	99
GCF_001325585.1_8898_8_61_genomic.fna	33	0	0	0	0
GCF_001387675.1_8898_8_43_genomic.fna	13	99	99	0	99
GCF_001852125.1_ASM185212v1_genomic.fna	37	0	99	99	99
GCF_001324785.1_8898_8_21_genomic.fna	25	99	99	0	99
GCF_001391135.1_8939_3_18_genomic.fna	14	99	99	0	99
GCF_001390795.1_8987_5_47_genomic.fna	40	0	99	0	99
GCF_001389515.1_8939_3_76_genomic.fna	25	99	0	0	99
GCF_001389135.1_8939_3_74_genomic.fna	24	0	99	0	99
GCF_001391035.1_8898_8_18_genomic.fna	23	0	0	0	0
GCF_001377775.1_6972_6_20_genomic.fna	51	0	0	0	0
GCF_001389675.1_8939_3_45_genomic.fna	15	0	0	99	0
GCF_001390915.1_8987_4_30_genomic.fna	42	0	99	0	0
GCF_001390255.1_8987_5_41_genomic.fna	42	0	99	0	99
GCF_001390435.1_8939_3_53_genomic.fna	25	0	99	0	0
GCF_001324845.1_8987_5_39_genomic.fna	42	0	0	0	0
GCF_001387095.1_8898_8_63_genomic.fna	36	99	99	99	99
GCF_001387755.1_8898_8_45_genomic.fna	53	0	0	0	0
GCF_001389575.1_8939_3_75_genomic.fna	32	0	99	0	0
GCF_001322325.1_6972_6_40_genomic.fna	51	0	0	0	0
GCF_001388215.1_8987_4_48_genomic.fna	42	0	0	0	0
GCF_001387875.1_8898_8_48_genomic.fna	13	0	0	99	0
GCF_001387815.1_8939_3_33_genomic.fna	54	0	99	0	99
GCF_001389295.1_8987_4_38_genomic.fna	42	0	99	0	99
GCF_001388395.1_8987_5_36_genomic.fna	30	0	0	0	0
GCF_001322585.1_6972_6_33_genomic.fna	22	0	0	0	0
GCF_001325905.1_8898_8_34_genomic.fna	55	0	0	0	0
GCF_001325985.1_8898_8_19_genomic.fna	24	0	0	0	0
GCF_001325145.1_8898_8_24_genomic.fna	24	0	99	0	0
GCF_001389635.1_8939_3_4_genomic.fna	55	99	99	0	99
GCF_001376655.1_6972_6_6_genomic.fna	22	0	0	99	0
GCF_001324985.1_8987_4_76_genomic.fna	12	0	99	0	99
GCF_001947425.1_ASM194742v1_genomic.fna	35	99	99	0	99
GCF_001377515.1_6972_6_14_genomic.fna	22	0	99	0	99
GCF_001387235.1_8987_5_18_genomic.fna	64	0	99	99	99
GCF_001389555.1_8939_3_6_genomic.fna	53	0	0	99	0
GCF_001325965.1_8898_8_42_genomic.fna	55	0	0	0	0
GCF_001389315.1_8939_3_71_genomic.fna	24	0	0	0	0
GCF_001390695.1_8939_3_25_genomic.fna	55	0	0	0	0
GCF_001377575.1_6972_6_41_genomic.fna	51	0	0	0	0
GCF_001325125.1_8987_5_7_genomic.fna	43	99	99	99	99
GCF_001390315.1_8939_3_93_genomic.fna	53	99	99	0	99
GCF_001388455.1_8987_4_41_genomic.fna	54	99	99	0	99
GCF_001376235.1_6972_6_26_genomic.fna	51	0	0	0	0
GCF_001389775.1_8939_3_43_genomic.fna	54	0	99	0	0
GCF_001325085.1_8987_5_35_genomic.fna	66	0	0	0	0
GCF_001846975.1_ASM184697v1_genomic.fna	37	99	99	99	99
GCF_001090305.1_9278_1_10_genomic.fna	34	0	0	0	0
GCF_001376975.1_6972_6_46_genomic.fna	51	0	0	99	0
GCF_001376855.1_6972_6_8_genomic.fna	38	0	99	99	0
GCF_001325465.1_8898_8_11_genomic.fna	49	0	0	0	0
GCF_001377555.1_6972_6_5_genomic.fna	51	0	99	0	99
GCF_001388095.1_8939_3_28_genomic.fna	25	0	0	0	0
GCF_001325605.1_8987_5_2_genomic.fna	54	0	99	0	99
GCF_001387555.1_8898_8_70_genomic.fna	52	0	99	99	99
GCF_001387475.1_8987_5_15_genomic.fna	52	0	99	0	99
GCF_001377075.1_6972_6_1_genomic.fna	51	0	0	0	0
GCF_001389155.1_8898_8_9_genomic.fna	48	99	99	0	99
GCF_001325225.1_8939_3_79_genomic.fna	53	99	99	99	99
GCF_001325825.1_8939_3_22_genomic.fna	53	99	99	99	99
GCF_001321805.1_6954_8_67_genomic.fna	38	0	0	0	99
GCF_001377455.1_6972_6_3_genomic.fna	49	0	0	0	0
GCF_001388515.1_8898_8_31_genomic.fna	49	0	0	0	0
GCF_001387135.1_8987_4_6_genomic.fna	23	0	0	99	0
GCF_001388355.1_8898_8_23_genomic.fna	55	99	99	0	99
GCF_001324945.1_8987_5_17_genomic.fna	41	99	99	99	99
GCF_001386155.1_7935_3_51_genomic.fna	18	0	0	0	0
GCF_001389055.1_8898_8_32_genomic.fna	36	0	0	0	0
GCF_001376395.1_6972_6_25_genomic.fna	51	0	99	99	0
GCF_001324965.1_8898_8_44_genomic.fna	40	0	99	0	99
GCF_001387075.1_8898_8_88_genomic.fna	55	99	99	0	99
GCF_001325945.1_8939_3_26_genomic.fna	53	0	99	0	99
GCF_001377235.1_6972_6_17_genomic.fna	51	0	0	0	0
GCF_001377035.1_6954_7_1_genomic.fna	38	0	99	99	99
GCF_001324885.1_8987_5_40_genomic.fna	57	0	0	0	0
GCF_001389355.1_8987_4_62_genomic.fna	53	0	0	0	0
GCF_001391095.1_8898_8_39_genomic.fna	54	99	99	0	99
GCF_001325565.1_8987_4_87_genomic.fna	49	0	0	0	0
GCF_001324925.1_8987_4_91_genomic.fna	40	0	99	0	99
GCF_001325785.1_8939_3_21_genomic.fna	53	0	99	0	0
GCF_001390955.1_8987_4_31_genomic.fna	24	0	0	0	0
GCF_001389595.1_8898_8_7_genomic.fna	53	99	99	0	0
GCF_001389715.1_8987_5_23_genomic.fna	64	0	99	0	0
GCF_001387295.1_8987_4_69_genomic.fna	49	0	99	0	0
GCF_001376255.1_6972_6_11_genomic.fna	5	0	99	99	99
GCF_001390735.1_8939_3_48_genomic.fna	54	99	99	0	99
GCF_001376335.1_6972_6_47_genomic.fna	51	0	0	0	0
GCF_001325165.1_8939_3_64_genomic.fna	55	99	99	0	99
GCF_001390875.1_8939_3_87_genomic.fna	25	0	0	0	0
GCF_001390855.1_8898_8_35_genomic.fna	13	0	0	0	0
GCF_001378055.1_6972_6_36_genomic.fna	51	0	99	0	0
GCF_001390395.1_8939_3_90_genomic.fna	55	0	0	0	0
GCF_001388815.1_8987_4_42_genomic.fna	48	0	99	0	99
GCF_001325685.1_8939_3_39_genomic.fna	66	0	99	0	99
GCF_001388175.1_8939_3_10_genomic.fna	54	99	99	0	99
GCF_001390635.1_8987_5_44_genomic.fna	56	0	0	0	0
GCF_001326045.1_8987_4_36_genomic.fna	53	0	0	0	0
GCF_001376695.1_6972_6_9_genomic.fna	22	0	0	0	0
GCF_001325285.1_8939_3_58_genomic.fna	66	0	0	0	0
GCF_001377295.1_6972_6_2_genomic.fna	51	0	0	0	0
GCF_001386855.1_8987_5_12_genomic.fna	52	0	0	0	0
GCF_001389415.1_8987_4_15_genomic.fna	54	0	99	0	99
GCF_001390475.1_8939_3_91_genomic.fna	53	99	99	99	99
GCF_001389855.1_8939_3_44_genomic.fna	15	0	0	0	0
GCF_001324745.1_8987_4_90_genomic.fna	49	99	99	0	99
GCF_001325105.1_8987_4_45_genomic.fna	53	99	99	99	99
GCF_001387735.1_8987_4_75_genomic.fna	53	99	99	99	99
GCF_001325645.1_8939_3_40_genomic.fna	12	0	0	0	0
GCF_001388795.1_8939_3_81_genomic.fna	53	0	99	0	99
GCF_001325005.1_8987_5_32_genomic.fna	52	0	99	0	0
GCF_001325245.1_8987_4_40_genomic.fna	55	0	99	0	0
GCF_001387275.1_8987_4_4_genomic.fna	51	0	0	0	0
GCF_001379255.1_7156_6_44_genomic.fna	18	0	0	0	0
GCF_001322805.1_7156_7_68_genomic.fna	36	0	0	0	0
GCF_001390135.1_8898_8_12_genomic.fna	24	99	99	99	99
GCF_001388315.1_8939_3_63_genomic.fna	55	0	0	0	0
GCF_001325485.1_8939_3_70_genomic.fna	54	99	99	0	99
GCF_001387215.1_8987_4_5_genomic.fna	49	99	99	0	99
GCF_001379035.1_7156_6_42_genomic.fna	4	0	0	0	0
GCF_001389955.1_8898_8_59_genomic.fna	55	0	99	0	99
GCF_001390175.1_8898_8_95_genomic.fna	49	0	0	0	0
GCF_001388755.1_8987_4_19_genomic.fna	39	0	99	0	99
GCF_001387715.1_8939_3_56_genomic.fna	55	0	0	0	0
GCF_001389435.1_8987_4_63_genomic.fna	55	99	99	0	99
GCF_001377595.1_6972_6_31_genomic.fna	51	0	0	0	0
GCF_001388875.1_8939_3_57_genomic.fna	49	99	99	99	99
GCF_001386935.1_8987_5_11_genomic.fna	41	99	99	0	0
GCF_001390215.1_8939_3_41_genomic.fna	53	99	99	0	99
GCF_001388135.1_8898_8_25_genomic.fna	13	0	0	0	0
GCF_001387995.1_8939_3_8_genomic.fna	54	99	99	0	99
GCF_001388055.1_8939_3_9_genomic.fna	55	99	99	0	99
GCF_001386975.1_8898_8_67_genomic.fna	48	0	99	0	0
GCF_001387695.1_8987_4_7_genomic.fna	55	99	99	0	99
GCF_001390815.1_8939_3_50_genomic.fna	53	0	99	0	0
GCF_001325705.1_8898_8_54_genomic.fna	51	0	0	0	0
GCF_001388535.1_8939_3_78_genomic.fna	55	0	0	0	0
GCF_001387035.1_8898_8_85_genomic.fna	23	0	99	0	0
GCF_001387335.1_8898_8_84_genomic.fna	28	0	0	0	0
GCF_001388595.1_8939_3_62_genomic.fna	53	99	99	0	99
GCF_001386995.1_8987_4_27_genomic.fna	49	0	0	0	0
GCF_001387595.1_8987_4_8_genomic.fna	55	0	99	99	99
GCF_001389255.1_8987_4_65_genomic.fna	49	99	99	99	0
GCF_001389115.1_8898_8_8_genomic.fna	49	0	99	99	99
GCF_001326025.1_8939_3_68_genomic.fna	53	99	99	99	99
GCF_001377635.1_6972_6_42_genomic.fna	51	0	0	0	0
GCF_001325765.1_8939_3_94_genomic.fna	55	0	99	0	99
GCF_001389795.1_8987_5_4_genomic.fna	52	0	99	0	0
GCF_001325745.1_8939_3_92_genomic.fna	53	99	99	0	99
GCF_000657535.1_Myco_tube_NRITLD19_V1_genomic.fna	51	99	99	99	99
GCF_001379195.1_7755_2_21_genomic.fna	5	0	0	0	0
GCF_001390055.1_8939_3_46_genomic.fna	55	0	99	0	99
GCF_001388975.1_8939_3_85_genomic.fna	53	99	99	0	0
GCF_001391255.1_8987_4_54_genomic.fna	49	99	99	0	99
GCF_001388415.1_8987_5_10_genomic.fna	40	99	99	99	99
GCF_001388255.1_8987_5_37_genomic.fna	42	99	99	99	0
GCF_001386715.1_8898_8_91_genomic.fna	55	0	99	0	99
GCF_001391015.1_8987_4_29_genomic.fna	53	99	99	99	99
GCF_001388035.1_8898_8_26_genomic.fna	49	0	0	0	0
GCF_001325305.1_8898_8_29_genomic.fna	51	0	0	0	0
GCF_001387355.1_8987_4_96_genomic.fna	52	99	99	99	0
GCF_000657395.1_Myco_tube_NRITLD11_V1_genomic.fna	51	99	99	99	99
GCF_000657175.1_Myco_tube_NRITLD50_V1_genomic.fna	51	99	99	99	99
GCF_001390615.1_8898_8_37_genomic.fna	49	0	0	0	0
GCF_001390235.1_8898_8_53_genomic.fna	11	0	99	0	0
GCF_001376675.1_6954_8_52_genomic.fna	6	99	99	0	99
GCF_001385135.1_7755_4_27_genomic.fna	38	0	0	0	0
GCF_001388635.1_8898_8_28_genomic.fna	23	0	99	99	99
GCF_001387835.1_8898_8_47_genomic.fna	49	99	99	0	99
GCF_001325025.1_8939_3_35_genomic.fna	53	99	99	99	99
GCF_001388835.1_8898_8_77_genomic.fna	55	99	99	99	99
GCF_001389535.1_8898_8_6_genomic.fna	49	0	0	0	0
GCF_001383695.1_7755_2_10_genomic.fna	18	0	0	0	0
GCF_001387435.1_8987_4_94_genomic.fna	53	0	99	99	99
GCF_001387415.1_8939_3_15_genomic.fna	53	99	99	99	99
GCF_001390895.1_8898_8_41_genomic.fna	49	0	99	0	0
GCF_001379355.1_7156_7_62_genomic.fna	19	0	0	0	0
GCF_001381135.1_7314_8_86_genomic.fna	51	0	99	0	99
GCF_001389735.1_8987_4_86_genomic.fna	55	0	99	0	99
GCF_001376615.1_6954_1_72_genomic.fna	38	99	99	0	99
GCF_001325365.1_8987_4_26_genomic.fna	55	0	0	0	0
GCF_001389455.1_8987_4_18_genomic.fna	49	0	99	0	99
GCF_001325805.1_8939_3_55_genomic.fna	53	0	99	99	99
GCF_001389975.1_8987_5_21_genomic.fna	52	99	99	99	99
GCF_001390075.1_8898_8_56_genomic.fna	55	0	99	0	99
GCF_001377935.1_6972_6_39_genomic.fna	51	0	99	0	0
GCF_001391235.1_8898_8_14_genomic.fna	55	0	99	0	99
GCF_001325405.1_8987_4_23_genomic.fna	18	0	0	0	0
GCF_001389995.1_8987_4_85_genomic.fna	49	0	0	0	0
GCF_001324905.1_8987_4_95_genomic.fna	52	99	99	0	0
GCF_001388695.1_8898_8_75_genomic.fna	55	0	99	0	0
GCF_001390595.1_8939_3_47_genomic.fna	55	99	99	0	0
GCF_001385615.1_7314_8_73_genomic.fna	51	0	0	0	0
GCF_001383135.1_7156_6_38_genomic.fna	18	99	99	99	0
GCF_001386615.1_7935_3_75_genomic.fna	38	0	99	0	99
GCF_001387155.1_8987_5_20_genomic.fna	53	0	99	99	99
GCF_001384755.1_7314_8_70_genomic.fna	38	0	99	0	99
GCF_001386895.1_8987_5_13_genomic.fna	42	0	0	0	0
GCF_001389235.1_8898_8_10_genomic.fna	49	99	0	0	99
GCF_001390155.1_8898_8_55_genomic.fna	48	99	99	99	99
GCF_001391275.1_8987_4_52_genomic.fna	48	0	99	99	99
GCF_001388015.1_8987_5_6_genomic.fna	42	99	99	99	99
GCF_001388275.1_8987_5_9_genomic.fna	52	99	99	0	99
GCF_001324765.1_8987_4_78_genomic.fna	54	99	99	0	99
GCF_001389275.1_8987_4_64_genomic.fna	49	0	0	0	0
GCF_000657655.1_Myco_tube_NRITLD37_V1_genomic.fna	51	99	99	99	99
GCF_001387915.1_8898_8_49_genomic.fna	49	0	0	0	0
GCF_001384775.1_7156_6_26_genomic.fna	6	0	0	99	0
GCF_001325545.1_8987_4_61_genomic.fna	24	0	99	0	99
GCF_001377795.1_6954_1_74_genomic.fna	38	0	0	0	0
GCF_001384055.1_7755_4_10_genomic.fna	38	99	99	99	99
GCF_001324805.1_8987_4_1_genomic.fna	55	99	99	0	99
GCF_001389095.1_8987_4_67_genomic.fna	39	99	99	99	99
GCF_001391295.1_8987_4_34_genomic.fna	49	99	99	0	99
GCF_001380455.1_7755_2_35_genomic.fna	6	0	0	99	0
GCF_001391335.1_8939_3_96_genomic.fna	55	0	0	0	0
GCF_001388555.1_8939_3_61_genomic.fna	55	0	0	0	0
GCF_001388775.1_8898_8_76_genomic.fna	48	99	99	99	99
GCF_001324725.1_8898_8_66_genomic.fna	52	99	99	99	99
GCF_000657155.1_Myco_tube_NRITLD49_V1_genomic.fna	51	99	99	99	99
GCF_001325445.1_8987_4_10_genomic.fna	49	0	99	0	99
GCF_001324265.1_7755_2_44_genomic.fna	18	0	99	0	0
GCF_001390935.1_8898_8_40_genomic.fna	49	99	99	0	99
GCF_001391175.1_8987_4_55_genomic.fna	48	0	99	0	99
GCF_001387375.1_8898_8_2_genomic.fna	49	0	99	0	99
GCF_001388115.1_8898_8_51_genomic.fna	49	99	99	99	99
GCF_001388655.1_8939_3_80_genomic.fna	55	0	99	0	99
GCF_001388855.1_8939_3_83_genomic.fna	54	0	99	0	99
GCF_001387015.1_8898_8_86_genomic.fna	49	99	99	0	99
GCF_001386955.1_8987_4_51_genomic.fna	49	99	99	0	0
GCF_001389395.1_8898_8_4_genomic.fna	48	99	99	0	99
GCF_001325885.1_8898_8_33_genomic.fna	48	0	99	99	99
GCF_000657375.1_Myco_tube_NRITLD10_V1_genomic.fna	51	99	99	99	99
GCF_001325505.1_8898_8_3_genomic.fna	48	0	99	0	99
GCF_001376595.1_6972_6_12_genomic.fna	22	0	99	0	99
GCF_001388955.1_8898_8_79_genomic.fna	52	0	0	0	0
GCF_001384615.1_7156_6_27_genomic.fna	36	0	0	0	0
GCF_001379635.1_7156_7_89_genomic.fna	18	0	0	0	0
GCF_001380675.1_7156_6_40_genomic.fna	5	0	0	0	0
GCF_001387115.1_8898_8_87_genomic.fna	49	0	0	0	0
GCF_001389035.1_8987_4_22_genomic.fna	23	0	99	0	0
GCF_001387795.1_8898_8_46_genomic.fna	54	0	99	0	99
GCF_001389175.1_8987_4_68_genomic.fna	49	0	99	0	99
GCF_001387395.1_8987_4_2_genomic.fna	49	99	99	0	99
GCF_001387895.1_8939_3_7_genomic.fna	52	99	99	0	99
GCF_001325325.1_8987_4_43_genomic.fna	55	99	99	0	99
GCF_000657575.1_Myco_tube_NRITLD21_V1_genomic.fna	51	99	99	99	99
GCF_001384355.1_7755_4_24_genomic.fna	38	0	99	0	99
GCF_001378395.1_6954_1_89_genomic.fna	5	0	99	99	99
GCF_001383275.1_7755_3_79_genomic.fna	38	0	0	0	0
GCF_001387615.1_8987_4_93_genomic.fna	24	0	99	0	99
GCF_001322305.1_6954_8_60_genomic.fna	38	0	99	0	99
GCF_001384255.1_7755_3_53_genomic.fna	4	0	0	0	0
GCF_001323925.1_7755_5_71_genomic.fna	18	0	0	0	0
GCF_001384495.1_7156_7_85_genomic.fna	18	99	0	0	0
GCF_001381995.1_7755_5_96_genomic.fna	18	0	0	0	0
GCF_001383435.1_7755_4_29_genomic.fna	38	0	99	0	99
GCF_001382215.1_7156_6_18_genomic.fna	22	0	0	0	0
GCF_001322785.1_7755_3_67_genomic.fna	18	0	0	0	0
GCF_001384675.1_7755_5_78_genomic.fna	5	0	0	0	0
GCF_001391215.1_8987_4_53_genomic.fna	51	0	99	0	99
GCF_001391115.1_8987_4_35_genomic.fna	55	99	99	0	99
GCF_001325525.1_8987_4_14_genomic.fna	49	0	99	0	0
GCF_001382535.1_7156_7_55_genomic.fna	4	0	99	99	99
GCF_001323065.1_7755_5_59_genomic.fna	22	0	0	0	0
GCF_001378375.1_6954_7_35_genomic.fna	38	0	0	0	0
GCF_001851925.1_ASM185192v1_genomic.fna	9	99	99	99	99
GCF_001381975.1_7769_8_94_genomic.fna	38	99	99	99	99
GCF_001382815.1_7156_7_59_genomic.fna	18	0	0	0	0
GCF_001322865.1_7755_3_73_genomic.fna	6	0	0	0	0
GCF_001378615.1_7769_7_23_genomic.fna	18	0	99	0	0
GCF_001385215.1_7755_2_25_genomic.fna	6	0	0	99	99
GCF_001325865.1_8987_4_82_genomic.fna	55	99	99	99	99
GCF_001387055.1_8898_8_64_genomic.fna	48	0	99	0	99
GCF_001388935.1_8939_3_84_genomic.fna	54	99	99	0	99
GCF_001378155.1_6954_8_80_genomic.fna	6	0	0	0	0
GCF_001377615.1_6954_1_58_genomic.fna	38	0	0	0	0
GCF_001378955.1_7156_6_41_genomic.fna	18	0	0	0	0
GCF_001383735.1_7755_5_74_genomic.fna	22	0	0	0	0
h37rv.fasta.ref	28	0	0	0	0
